row_number,paiddeposit,scholarship,HS_rank,HS_class_size,HS_CODE,HS_NAME,SAT_math,SAT_verbal,ACT,HoFALSErs_college_eligible,distancefromPitt,state,Number_of_family_alumni,SAT_composite,ACT_as_SAT,Max_Test_Score,from_PA
7,TRUE,FALSE,190,281,392835,FRANKLIN_REGIONAL_SR_HI,620,560,,FALSE,14.22894645,PA,0,1180,,1180,TRUE
12,FALSE,FALSE,111,223,393655,CENTRAL_CATHOLIC_HIGH_S,550,600,,FALSE,7.162133539,PA,0,1150,,1150,TRUE
19,TRUE,FALSE,109,371,51830,WESTCHESTER_HIGH_SCHOOL,640,550,,FALSE,232.3633823,PA,0,1190,,1190,TRUE
23,TRUE,FALSE,88,266,390527,CEDAR_CLIFF_HIGH_SCHOOL,620,520,,FALSE,163.4622961,PA,0,1140,,1140,TRUE
25,FALSE,FALSE,,,390870,HOLY_GHOST_PREPARATORY,550,650,,FALSE,261.5341513,PA,0,1200,,1200,TRUE
28,FALSE,FALSE,59,382,392655,PENN_MANOR_HIGH_SCHOOL,480,460,20,FALSE,192.4933589,PA,0,940,950,950,TRUE
30,TRUE,FALSE,88,255,392705,RINGGOLD_HIGH_SCHOOL,490,530,,FALSE,17.36587682,PA,0,1020,,1020,TRUE
33,TRUE,FALSE,,,393321,GERMANTOWN_ACADEMY,530,570,,FALSE,241.9643927,PA,0,1100,,1100,TRUE
38,TRUE,FALSE,23,221,395035,WARREN_AREA_HIGH_SCHOOL,670,610,,TRUE,105.7608835,PA,1,1280,,1280,TRUE
39,TRUE,TRUE,,,394133,RADNOR_HIGH_SCHOOL,690,540,,FALSE,245.9193909,PA,0,1230,,1230,TRUE
44,TRUE,FALSE,100,224,393658,CHARTIERS_VALLEY_HIGH_S,580,560,,FALSE,5.410749193,PA,0,1140,,1140,TRUE
55,FALSE,TRUE,13,390,365647,THOMAS_WORTHINGTON_HIGH,680,720,30,TRUE,162.9428151,OH,0,1400,1340,1400,FALSE
56,FALSE,FALSE,,,393620,FOX_CHAPEL_AREA_HIGH_SC,570,490,,FALSE,4.302758036,PA,2,1060,,1060,TRUE
57,FALSE,TRUE,20,211,491345,WEIR_HIGH_SCHOOL,490,550,25,FALSE,32.38980115,WV,2,1040,1150,1150,FALSE
62,FALSE,TRUE,5,156,394580,FOREST_HILLS_SR_HIGH_SC,790,600,,TRUE,63.22766569,PA,2,1390,,1390,TRUE
65,FALSE,FALSE,84,345,394555,GOVERNOR_MIFFLIN_SR_HIG,530,570,,FALSE,211.0808049,PA,0,1100,,1100,TRUE
67,FALSE,TRUE,17,458,392140,HEMPFIELD_HIGH_SCHOOL,680,760,,TRUE,193.5231707,PA,0,1440,,1440,TRUE
68,TRUE,FALSE,124,304,391670,PENN_TRAFFORD_HIGH_SCHO,570,510,,FALSE,14.89142491,PA,1,1080,,1080,TRUE
69,TRUE,FALSE,37,99,395308,LOYALSOCK_TOWNSHIP_SR_H,500,560,21,FALSE,163.2580343,PA,0,1060,990,1060,TRUE
71,FALSE,TRUE,91,906,392985,COUNCIL_ROCK_HIGH_SCHOO,690,670,,TRUE,261.5341513,PA,0,1360,,1360,TRUE
74,FALSE,TRUE,111,449,143215,GLENBROOK_NORTH_HIGH_SC,,,28,FALSE,426.2073786,IL,0,,1260,1260,FALSE
76,TRUE,FALSE,34,245,390042,HOPEWELL_SENIOR_HIGH_SC,660,610,28,TRUE,20.47997461,PA,3,1270,1260,1270,TRUE
78,TRUE,FALSE,28,178,362030,EAST_LIVERPOOL_HIGH_SCH,440,520,23,FALSE,30.86979732,PA,0,960,1070,1070,TRUE
81,FALSE,FALSE,21,125,391280,EAST_HIGH_SCHOOL,480,440,,FALSE,116.2322612,PA,0,920,,920,TRUE
83,FALSE,TRUE,34,540,393125,PARKLAND_HIGH_SCHOOL,780,750,,TRUE,228.134944,PA,0,1530,,1530,TRUE
86,FALSE,TRUE,33,567,391290,MCDOWELL_HIGH_SCHOOL,680,750,,TRUE,111.4579565,PA,0,1430,,1430,TRUE
91,TRUE,FALSE,37,196,395198,WEST_MIFFLIN_AREA_HIGH,600,550,,FALSE,6.207918672,PA,0,1150,,1150,TRUE
92,FALSE,TRUE,6,160,391455,FREEDOM_AREA_HIGH_SCHOO,700,630,,TRUE,21.47086447,PA,1,1330,,1330,TRUE
93,TRUE,FALSE,43,142,391237,RIVERSIDE_HIGH_SCHOOL,520,530,20,FALSE,30.12339133,PA,1,1050,950,1050,TRUE
101,FALSE,FALSE,184,387,394635,SOUDERTON_AREA_HIGH_SCH,590,570,,FALSE,238.1203043,PA,1,1160,,1160,TRUE
106,TRUE,FALSE,411,906,392985,COUNCIL_ROCK_HIGH_SCHOO,550,500,,FALSE,261.5341513,PA,0,1050,,1050,TRUE
109,FALSE,TRUE,11,258,364810,STEUBENVILLE_HIGH_SCHOO,570,560,25,FALSE,37.5651476,OH,0,1130,1150,1150,FALSE
110,FALSE,FALSE,6,77,392495,SERRA_DISTRICT_CATHOLIC,560,430,,FALSE,8.815726864,PA,1,990,,990,TRUE
111,FALSE,FALSE,115,310,392865,MANHEIM_TOWNSHIP_HIGH_S,680,630,,FALSE,193.5231707,PA,0,1310,,1310,TRUE
117,TRUE,FALSE,327,516,393125,PARKLAND_HIGH_SCHOOL,700,580,,FALSE,233.2633274,PA,0,1280,,1280,TRUE
118,FALSE,FALSE,,,393370,LA_SALLE_COLLEGE_HIGH_S,560,500,,FALSE,251.1207056,PA,1,1060,,1060,TRUE
124,FALSE,FALSE,23,338,391361,CONWELL_EGAN_CATHOLIC_H,490,510,,FALSE,271.3067238,PA,0,1000,,1000,TRUE
126,FALSE,FALSE,35,345,390322,FREEDOM_HIGH_SCHOOL,520,560,,FALSE,240.1140982,PA,0,1080,,1080,TRUE
132,TRUE,FALSE,62,131,395275,BISHOP_HOBAN_HIGH_SCHOO,480,540,,FALSE,235.0382273,PA,0,1020,,1020,TRUE
135,FALSE,FALSE,35,345,390322,FREEDOM_HIGH_SCHOOL,600,550,,FALSE,248.4868529,PA,0,1150,,1150,TRUE
136,TRUE,FALSE,226,514,391250,EMMAUS_HIGH_SCHOOL,610,550,,FALSE,234.3389195,PA,0,1160,,1160,TRUE
138,FALSE,FALSE,66,540,393125,PARKLAND_HIGH_SCHOOL,520,540,,FALSE,233.2633274,PA,1,1060,,1060,TRUE
140,TRUE,FALSE,109,248,390675,ABINGTON_HEIGHTS_HIGH_S,450,550,23,FALSE,233.340629,PA,0,1000,1070,1070,TRUE
142,TRUE,FALSE,130,429,391130,EASTON_AREA_HIGH_SCHOOL,500,530,,FALSE,248.4868529,PA,0,1030,,1030,TRUE
145,FALSE,FALSE,30,215,390655,THOMAS_JEFFERSON_HIGH_S,620,570,27,FALSE,10.28501717,PA,2,1190,1220,1220,TRUE
146,FALSE,FALSE,22,215,390655,THOMAS_JEFFERSON_HIGH_S,470,550,23,FALSE,6.913734612,PA,2,1020,1070,1070,TRUE
151,TRUE,FALSE,54,187,390950,DANVILLE_AREA_SR_HIGH_S,550,520,,FALSE,178.5590936,PA,0,1070,,1070,TRUE
153,FALSE,FALSE,,,394440,SCRANTON_PREPARATORY_SC,600,560,,FALSE,233.340629,PA,0,1160,,1160,TRUE
154,TRUE,FALSE,27,469,390603,CHAMBERSBURG_AREA_SR_HI,590,550,,FALSE,119.8505301,PA,0,1140,,1140,TRUE
155,FALSE,FALSE,,,390335,MORAVIAN_ACADEMY,670,550,,FALSE,236.2908789,PA,0,1220,,1220,TRUE
157,FALSE,FALSE,9,150,311124,MANCHESTER_REGIONAL_HIG,610,510,,FALSE,304.6316069,NJ,0,1120,,1120,FALSE
158,FALSE,TRUE,8,208,395198,WEST_MIFFLIN_AREA_HIGH,620,650,,TRUE,6.207918672,PA,0,1270,,1270,TRUE
159,FALSE,FALSE,18,450,390810,CONNELLSVILLE_AREA_SR_H,460,570,22,FALSE,29.81316955,PA,0,1030,1030,1030,TRUE
161,FALSE,TRUE,17,437,143270,O'FALLON_TOWNSHIP_HIGH,,,29,TRUE,546.1168613,IL,0,,1300,1300,FALSE
163,FALSE,FALSE,166,906,392985,COUNCIL_ROCK_HIGH_SCHOO,590,560,,FALSE,256.9885027,PA,0,1150,,1150,TRUE
165,FALSE,FALSE,71,713,392145,NESHAMINY_HIGH_SCHOOL,560,590,,FALSE,266.4225894,PA,0,1150,,1150,TRUE
172,FALSE,FALSE,30,320,391265,EPHRATA_SENIOR_HIGH_SCH,580,610,,FALSE,199.8258032,PA,3,1190,,1190,TRUE
173,TRUE,FALSE,22,119,391580,GREENVILLE_SENIOR_HIGH,700,530,25,FALSE,69.75279523,PA,0,1230,1150,1230,TRUE
174,FALSE,FALSE,68,214,393145,PALMYRA_AREA_HIGH_SCHOO,620,510,,FALSE,177.6351728,PA,0,1130,,1130,TRUE
175,FALSE,FALSE,44,92,393356,J_R_MASTERMAN_LAB_&_DEM,550,460,,FALSE,253.2430845,PA,0,1010,,1010,TRUE
178,FALSE,FALSE,80,297,311613,WEST_ORANGE_HIGH_SCHOOL,670,520,,FALSE,300.0537003,NJ,0,1190,,1190,FALSE
182,FALSE,FALSE,9,181,393440,ROMAN_CATHOLIC_HIGH_SCH,570,600,,FALSE,251.3370017,PA,0,1170,,1170,TRUE
186,FALSE,FALSE,110,517,391576,HEMPFIELD_AREA_SR_HIGH,580,620,,FALSE,23.67039517,PA,2,1200,,1200,TRUE
187,FALSE,FALSE,,,391470,MINING_AND_MECHANICAL_I,570,650,,FALSE,207.1029373,PA,1,1220,,1220,TRUE
188,FALSE,TRUE,24,159,393100,OLEY_VALLEY_HIGH_SCHOOL,630,680,30,TRUE,217.9150736,PA,0,1310,1340,1340,TRUE
193,FALSE,FALSE,261,716,395415,PENNSBURY_HIGH_SCHOOL,650,480,,FALSE,271.074384,PA,0,1130,,1130,TRUE
195,TRUE,FALSE,25,77,394690,STEELTON_HIGHSPIRE_JR_S,500,510,,FALSE,163.6392039,PA,0,1010,,1010,TRUE
199,FALSE,FALSE,73,328,395190,WILSON_HIGH_SCHOOL,540,460,,FALSE,209.7053275,PA,0,1000,,1000,TRUE
200,FALSE,TRUE,22,170,242217,HILL_MURRAY_SCHOOL,,,30,TRUE,737.1251035,MN,0,,1340,1340,FALSE
204,FALSE,FALSE,224,422,310750,COLUMBIA_HIGH_SCHOOL,670,450,,FALSE,299.4324098,NJ,0,1120,,1120,FALSE
208,TRUE,FALSE,30,218,390070,AMBRIDGE_AREA_HIGH_SCHO,580,510,21,FALSE,18.7589162,PA,1,1090,990,1090,TRUE
209,FALSE,FALSE,41,321,393000,MARPLE_NEWTOWN_HIGH_SCH,670,570,,FALSE,244.8211431,PA,0,1240,,1240,TRUE
213,FALSE,FALSE,48,420,393630,BALDWIN_HIGH_SCHOOL,560,560,22,FALSE,6.913734612,PA,1,1120,1030,1120,TRUE
216,FALSE,FALSE,,,310283,EAST_BRUNSWICK_HIGH_SCH,650,480,23,FALSE,292.0481602,NJ,0,1130,1070,1130,FALSE
218,TRUE,FALSE,85,210,394055,PORTAGE_AREA_HIGH_SCHOO,640,510,24,FALSE,67.67735863,PA,1,1150,1110,1150,TRUE
219,FALSE,FALSE,,,393745,NORTH_ALLEGHENY_SR_HIGH,620,520,,FALSE,13.01094933,PA,0,1140,,1140,TRUE
221,FALSE,FALSE,85,247,311492,NOTRE_DAME_HIGH_SCHOOL,540,570,,FALSE,271.074384,PA,0,1110,,1110,TRUE
230,FALSE,FALSE,,,210564,QUINCE_ORCHARD_HIGH_SCH,590,590,,FALSE,171.2070719,MD,0,1180,,1180,FALSE
232,FALSE,FALSE,259,458,140447,BUFFALO_GROVE_HIGH_SCHO,,,23,FALSE,432.634751,IL,0,,1070,1070,FALSE
235,TRUE,FALSE,64,211,395270,JAMES_M_COUGHLIN_HIGH_S,710,490,,FALSE,223.4935031,PA,0,1200,,1200,TRUE
239,FALSE,FALSE,75,346,394040,PLYMOUTH_WHITEMARSH_HIG,650,420,,FALSE,246.8675317,PA,1,1070,,1070,TRUE
240,FALSE,FALSE,,,310915,NEWARK_ACADEMY,610,580,,FALSE,296.3822088,NJ,0,1190,,1190,FALSE
242,FALSE,FALSE,47,251,210720,SOUTHERN_SENIOR_HIGH_SC,700,750,,FALSE,214.4493859,MD,0,1450,,1450,FALSE
243,FALSE,FALSE,,,310283,EAST_BRUNSWICK_HIGH_SCH,630,550,,FALSE,292.0481602,NJ,0,1180,,1180,FALSE
246,FALSE,TRUE,,,393321,GERMANTOWN_ACADEMY,660,590,,FALSE,254.3130912,PA,0,1250,,1250,TRUE
249,FALSE,FALSE,,,390295,CONESTOGA_HIGH_SCHOOL,650,520,,FALSE,239.5619277,PA,0,1170,,1170,TRUE
253,TRUE,TRUE,,,390295,CONESTOGA_HIGH_SCHOOL,690,550,,TRUE,237.7005301,PA,0,1240,,1240,TRUE
254,FALSE,TRUE,,,391005,DEVON_PREPARATORY_SCHOO,600,660,,TRUE,239.5619277,PA,0,1260,,1260,TRUE
267,FALSE,TRUE,,,332780,LAWRENCE_HIGH_SCHOOL,620,730,,TRUE,328.2308384,NY,0,1350,,1350,FALSE
268,FALSE,FALSE,39,201,335765,WANTAGH_HIGH_SCHOOL,600,540,,FALSE,338.9562229,NY,0,1140,,1140,FALSE
269,FALSE,FALSE,54,315,391670,PENN_TRAFFORD_HIGH_SCHO,580,490,,FALSE,14.89142491,PA,0,1070,,1070,TRUE
270,TRUE,FALSE,51,408,395327,WILLIAMSPORT_AREA_HIGH,460,450,19,FALSE,163.2580343,PA,1,910,910,910,TRUE
273,FALSE,TRUE,,,393695,ELLIS_SCHOOL,600,650,,TRUE,1.754598235,PA,1,1250,,1250,TRUE
274,FALSE,FALSE,118,309,390930,DALLASTOWN_AREA_HIGH_SC,730,530,,FALSE,174.6301281,PA,0,1260,,1260,TRUE
276,FALSE,FALSE,58,139,391275,CATHEDRAL_PREPARATORY_S,480,550,,FALSE,113.0800516,PA,0,1030,,1030,TRUE
278,TRUE,FALSE,,,311260,HUN_SCHOOL_OF_PRINCETON,620,610,,FALSE,271.074384,PA,0,1230,,1230,TRUE
281,FALSE,FALSE,62,175,392005,KENNETT_HIGH_SCHOOL,530,610,,FALSE,228.5706309,PA,1,1140,,1140,TRUE
284,FALSE,FALSE,59,157,393342,G_W_CARVER_HIGH_SCH_ENG,490,490,,FALSE,252.0269902,PA,0,980,,980,TRUE
293,TRUE,FALSE,90,480,390000,ABINGTON_HIGH_SCHOOL,660,620,,FALSE,255.5220594,PA,0,1280,,1280,TRUE
294,FALSE,FALSE,186,713,392145,NESHAMINY_HIGH_SCHOOL,520,480,,FALSE,268.2920349,PA,0,1000,,1000,TRUE
306,FALSE,FALSE,54,240,395035,WARREN_AREA_HIGH_SCHOOL,600,510,,FALSE,105.7608835,PA,2,1110,,1110,TRUE
312,FALSE,FALSE,60,234,393658,CHARTIERS_VALLEY_HIGH_S,630,520,,FALSE,5.410749193,PA,1,1150,,1150,TRUE
314,FALSE,TRUE,,,471396,POTOMAC_SCHOOL,560,650,,FALSE,187.1635887,DC,0,1210,,1210,FALSE
316,FALSE,TRUE,12,199,390875,CORRY_AREA_HIGH_SCHOOL,650,620,24,TRUE,103.4620814,PA,0,1270,1110,1270,TRUE
317,FALSE,FALSE,42,219,390070,AMBRIDGE_AREA_HIGH_SCHO,550,590,,FALSE,18.7589162,PA,1,1140,,1140,TRUE
324,FALSE,FALSE,27,255,393648,BRASHEAR_HIGH_SCHOOL,490,510,22,FALSE,3.132484039,PA,1,1000,1030,1030,TRUE
327,FALSE,FALSE,84,276,394442,SCRANTON_HIGH_SCHOOL,570,510,,FALSE,235.1403181,PA,0,1080,,1080,TRUE
329,FALSE,FALSE,105,277,394950,LAUREL_HIGHLANDS_SR_HIG,500,470,,FALSE,40.14199902,PA,0,970,,970,TRUE
330,FALSE,TRUE,10,154,391810,STEEL_VALLEY_SR_HIGH_SC,630,570,,FALSE,4.329374904,PA,2,1200,,1200,TRUE
332,FALSE,FALSE,127,295,395032,ARCHBISHOP_WOOD_HIGH_SC,640,480,,FALSE,254.3130912,PA,0,1120,,1120,TRUE
334,FALSE,FALSE,55,218,393075,WEST_ALLEGHENY_SR_HIGH,570,460,,FALSE,13.10759591,PA,1,1030,,1030,TRUE
337,TRUE,FALSE,74,306,391795,HOLLIDAYSBURG_AREA_SR_H,520,510,,FALSE,83.48262647,PA,0,1030,,1030,TRUE
340,FALSE,FALSE,,,394133,RADNOR_HIGH_SCHOOL,550,510,21,FALSE,245.9193909,PA,0,1060,990,1060,TRUE
342,TRUE,FALSE,98,476,310752,MARLBORO_HIGH_SCHOOL,510,500,,FALSE,299.9160666,NJ,0,1010,,1010,FALSE
344,FALSE,FALSE,118,380,395170,B_REED_HENDERSON_HIGH_S,620,510,,FALSE,233.2487987,PA,0,1130,,1130,TRUE
345,FALSE,FALSE,42,295,391053,DUBOIS_AREA_SENIOR_HIGH,580,460,,FALSE,70.06731257,PA,0,1040,,1040,TRUE
351,FALSE,TRUE,,,391470,MINING_AND_MECHANICAL_I,730,630,,TRUE,211.5491355,PA,0,1360,,1360,TRUE
352,FALSE,FALSE,141,355,391705,HAVERFORD_TOWNSHIP_SR_H,590,600,,FALSE,247.3883855,PA,0,1190,,1190,TRUE
356,TRUE,FALSE,92,762,390055,ALTOONA_AREA_SR_HIGH_SC,600,550,,FALSE,82.39793731,PA,2,1150,,1150,TRUE
357,FALSE,TRUE,,,OSHIGH,OUT_OF_STATE_HIGH_SCHOO,570,550,,FALSE,187.645686,DC,0,1120,,1120,FALSE
359,TRUE,TRUE,3,61,392700,MONESSEN_HIGH_SCHOOL,730,600,,TRUE,20.49654045,PA,1,1330,,1330,TRUE
367,FALSE,TRUE,13,93,394325,ELK_COUNTY_CHRISTIAN_HI,620,690,26,TRUE,100.1269969,PA,0,1310,1190,1310,TRUE
369,FALSE,FALSE,,,333325,CLARKSTOWN_HIGH_SCHOOL,580,510,,FALSE,315.7128057,NY,0,1090,,1090,FALSE
373,FALSE,FALSE,16,247,393680,KEYSTONE_OAKS_HIGH_SCHO,640,510,,FALSE,5.258201412,PA,1,1150,,1150,TRUE
376,FALSE,FALSE,196,441,392545,CUMBERLAND_VALLEY_HIGH,580,430,,FALSE,146.2203201,PA,0,1010,,1010,TRUE
387,FALSE,TRUE,,,111152,DUNWOODY_HIGH_SCHOOL,640,630,,TRUE,509.613073,GA,0,1270,,1270,FALSE
389,TRUE,TRUE,91,388,332495,WALT_WHITMAN_HIGH_SCHOO,580,520,26,FALSE,346.2607102,NY,0,1100,1190,1190,FALSE
392,FALSE,TRUE,11,174,391745,SAUCON_VALLEY_SR_HIGH_S,690,620,,TRUE,240.7166523,PA,0,1310,,1310,TRUE
394,FALSE,FALSE,39,642,393323,GEORGE_WASHINGTON_HIGH,610,430,,FALSE,260.4455941,PA,0,1040,,1040,TRUE
395,FALSE,FALSE,,,331004,CITY_HONORS_SCHOOL,590,550,,FALSE,182.1431811,NY,0,1140,,1140,FALSE
398,FALSE,FALSE,66,192,391660,SUSQUEHANNA_TOWNSHIP_HI,640,720,,FALSE,161.9692998,PA,1,1360,,1360,TRUE
399,FALSE,FALSE,28,164,391640,BISHOP_MCDEVITT_HIGH_SC,590,620,,FALSE,165.4891789,PA,0,1210,,1210,TRUE
401,FALSE,FALSE,7,270,393504,SAMUEL_FELS_HIGH_SCHOOL,520,370,18,FALSE,256.7355482,PA,0,890,870,890,TRUE
403,FALSE,FALSE,49,282,392835,FRANKLIN_REGIONAL_SR_HI,600,510,,FALSE,14.22894645,PA,0,1110,,1110,TRUE
411,FALSE,TRUE,,,311277,W_WINDSOR_PLAINSBORO_HS,630,570,,FALSE,282.3196215,NJ,0,1200,,1200,FALSE
415,FALSE,FALSE,92,238,210176,PIKESVILLE_HIGH,480,470,21,FALSE,186.364573,MD,0,950,990,990,FALSE
418,FALSE,FALSE,,,394440,SCRANTON_PREPARATORY_SC,530,480,,FALSE,234.6917981,PA,0,1010,,1010,TRUE
426,FALSE,TRUE,,,230327,SEAHOLM_HIGH_SCHOOL,660,700,29,TRUE,222.727251,MI,0,1360,1300,1360,FALSE
428,FALSE,FALSE,116,400,334270,OCEANSIDE_HIGH_SCHOOL,550,580,,FALSE,332.2534662,NY,0,1130,,1130,FALSE
431,FALSE,FALSE,138,296,390105,LOWER_MERION_HIGH_SCHOO,600,590,,FALSE,248.9628406,PA,1,1190,,1190,TRUE
432,FALSE,FALSE,,,390295,CONESTOGA_HIGH_SCHOOL,540,530,,FALSE,240.8215208,PA,0,1070,,1070,TRUE
433,TRUE,TRUE,60,517,391576,HEMPFIELD_AREA_SR_HIGH,750,680,,TRUE,19.34413568,PA,1,1430,,1430,TRUE
436,TRUE,FALSE,14,150,392960,VALLEY_HIGH_SCHOOL,490,560,,FALSE,14.25052443,PA,1,1050,,1050,TRUE
443,FALSE,FALSE,56,597,393745,NORTH_ALLEGHENY_SR_HIGH,580,560,,TRUE,8.618491185,PA,0,1140,,1140,TRUE
444,FALSE,FALSE,27,160,392895,NEW_BRIGHTON_AREA_SR_HI,510,490,22,FALSE,27.24539594,PA,0,1000,1030,1030,TRUE
446,TRUE,FALSE,430,906,392985,COUNCIL_ROCK_HIGH_SCHOO,570,590,,FALSE,264.5120607,PA,0,1160,,1160,TRUE
447,FALSE,FALSE,120,906,392985,COUNCIL_ROCK_HIGH_SCHOO,640,610,,FALSE,261.5341513,PA,0,1250,,1250,TRUE
449,FALSE,FALSE,46,460,393195,PENNRIDGE_HIGH_SCHOOL,560,630,,FALSE,247.0098737,PA,1,1190,,1190,TRUE
451,FALSE,TRUE,,,361773,WALSH_JESUIT_HIGH_SCHOO,610,700,28,TRUE,100.0326806,OH,0,1310,1260,1310,FALSE
455,TRUE,TRUE,198,438,242103,MAYO_HIGH_SCHOOL,580,670,28,FALSE,686.5126464,MN,0,1250,1260,1260,FALSE
457,TRUE,FALSE,7,146,393890,LANGLEY_HIGH_SCHOOL,590,520,,FALSE,5.410749193,PA,1,1110,,1110,TRUE
458,TRUE,FALSE,55,233,394085,OWEN_J_ROBERTS_HIGH_SCH,520,500,,FALSE,227.8990996,PA,0,1020,,1020,TRUE
469,FALSE,FALSE,149,419,310223,CHERRY_HILL_HIGH_SCHOOL,670,580,,FALSE,266.2849411,NJ,0,1250,,1250,FALSE
470,FALSE,FALSE,144,384,395170,B_REED_HENDERSON_HIGH_S,570,530,,FALSE,232.3633823,PA,0,1100,,1100,TRUE
476,FALSE,FALSE,55,435,393730,MOUNT_LEBANON_HIGH_SCHO,730,510,,FALSE,6.850591549,PA,1,1240,,1240,TRUE
477,FALSE,FALSE,38,457,391550,SHALER_AREA_HIGH_SCHOOL,590,540,23,FALSE,6.507271702,PA,0,1130,1070,1130,TRUE
478,TRUE,FALSE,22,116,391955,BISHOP_MCCORT_HIGH_SCHO,490,520,,FALSE,58.43707938,PA,2,1010,,1010,TRUE
480,TRUE,FALSE,,,393370,LA_SALLE_COLLEGE_HIGH_S,560,540,,FALSE,247.0098737,PA,0,1100,,1100,TRUE
481,FALSE,FALSE,19,274,300180,EXETER_HIGH_SCHOOL,570,550,,FALSE,495.8832253,NH,0,1120,,1120,FALSE
493,FALSE,FALSE,29,390,391895,NORWIN_SENIOR_HIGH_SCHO,570,500,,FALSE,14.89142491,PA,0,1070,,1070,TRUE
494,TRUE,FALSE,22,122,391955,BISHOP_MCCORT_HIGH_SCHO,430,510,,FALSE,54.1273663,PA,0,940,,940,TRUE
498,TRUE,TRUE,,,393745,NORTH_ALLEGHENY_SR_HIGH,640,670,,TRUE,8.618491185,PA,1,1310,,1310,TRUE
499,TRUE,TRUE,,,393745,NORTH_ALLEGHENY_SR_HIGH,650,780,,TRUE,8.618491185,PA,0,1430,,1430,TRUE
503,FALSE,FALSE,29,174,392230,LAKE_LEHMAN_HIGH_SCHOOL,490,500,,FALSE,213.9510831,PA,1,990,,990,TRUE
506,TRUE,FALSE,135,311,393707,UPPER_SAINT_CLAIR_HIGH,670,530,,FALSE,10.13672876,PA,2,1200,,1200,TRUE
509,FALSE,FALSE,43,213,392275,SOUTH_PARK_HIGH_SCHOOL,630,560,,FALSE,6.913734612,PA,0,1190,,1190,TRUE
514,FALSE,FALSE,255,634,391033,DOWNINGTOWN_SENIOR_HIGH,660,530,,FALSE,225.6331378,PA,0,1190,,1190,TRUE
520,TRUE,FALSE,29,75,392149,CHRISTOPHER_DOCK_MENNON,540,530,,FALSE,248.1952847,PA,0,1070,,1070,TRUE
525,FALSE,TRUE,22,556,390325,LIBERTY_HIGH_SCHOOL,590,700,,TRUE,240.1140982,PA,0,1290,,1290,TRUE
528,FALSE,FALSE,118,390,332210,GUILDERLAND_CENTRAL_HIG,660,680,29,FALSE,350.1488146,NY,0,1340,1300,1340,FALSE
529,FALSE,TRUE,1,283,390065,WISSAHICKON_HIGH_SCHOOL,800,800,,TRUE,248.1952847,PA,0,1600,,1600,TRUE
532,TRUE,FALSE,,,362235,LINCOLN_HIGH_SCHOOL,580,520,,FALSE,248.0733471,PA,0,1100,,1100,TRUE
534,FALSE,FALSE,161,397,392270,BETHEL_PARK_SR_HIGH_SCH,470,580,23,FALSE,9.607664132,PA,1,1050,1070,1070,TRUE
539,FALSE,TRUE,16,112,395325,SOUTH_WILLIAMSPORT_JR_S,710,570,,FALSE,163.2580343,PA,0,1280,,1280,TRUE
540,FALSE,FALSE,,,334920,ROSLYN_HIGH_SCHOOL,560,510,,FALSE,331.6410721,NY,0,1070,,1070,FALSE
545,TRUE,FALSE,90,456,391550,SHALER_AREA_HIGH_SCHOOL,520,630,,FALSE,8.756275362,PA,0,1150,,1150,TRUE
546,TRUE,FALSE,148,358,393772,PLUM_SENIOR_HIGH_SCHOOL,580,440,,FALSE,11.81043176,PA,0,1020,,1020,TRUE
547,FALSE,TRUE,12,499,395465,SENECA_VALLEY_SR_HIGH_S,700,570,,TRUE,21.89830724,PA,1,1270,,1270,TRUE
548,TRUE,TRUE,1,121,391480,FREEPORT_AREA_SR_HIGH_S,660,510,23,TRUE,23.59663939,PA,0,1170,1070,1170,TRUE
549,FALSE,FALSE,8,245,394951,UNIONTOWN_AREA_SR_HIGH,550,580,,FALSE,48.22144044,PA,0,1130,,1130,TRUE
550,TRUE,FALSE,99,429,391130,EASTON_AREA_HIGH_SCHOOL,630,570,,FALSE,248.4868529,PA,0,1200,,1200,TRUE
551,TRUE,TRUE,1,249,391575,GREENSBURG_SALEM_HIGH_S,610,640,,TRUE,23.67039517,PA,1,1250,,1250,TRUE
558,TRUE,FALSE,22,158,391375,KENNARD_DALE_HIGH_SCHOO,510,610,,FALSE,192.0545116,PA,0,1120,,1120,TRUE
559,FALSE,FALSE,139,435,393730,MOUNT_LEBANON_HIGH_SCHO,490,560,,FALSE,7.875109633,PA,0,1050,,1050,TRUE
565,FALSE,TRUE,59,385,393430,PHILADELPHIA_HIGH_SCHOO,530,450,,FALSE,254.6552036,PA,0,980,,980,TRUE
566,FALSE,TRUE,1,100,310222,CEDAR_GROVE_HIGH_SCHOOL,670,660,,TRUE,301.7217878,NJ,0,1330,,1330,FALSE
567,TRUE,FALSE,37,74,390815,GEIBEL_CATHOLIC_HIGH_SC,500,570,,FALSE,34.83462475,PA,0,1070,,1070,TRUE
572,FALSE,FALSE,,,393370,LA_SALLE_COLLEGE_HIGH_S,570,520,,FALSE,248.1952847,PA,0,1090,,1090,TRUE
580,TRUE,TRUE,14,72,143465,SAINT_BEDE_ACADEMY,,,28,FALSE,483.3228313,IL,0,,1260,1260,FALSE
582,TRUE,FALSE,19,69,392950,NEW_HOPE_SOLEBURY_HIGH,530,570,,FALSE,254.3130912,PA,0,1100,,1100,TRUE
584,FALSE,TRUE,5,192,392260,LEWISTOWN_AREA_SR_HIGH,540,660,,TRUE,125.541458,PA,0,1200,,1200,TRUE
595,FALSE,FALSE,85,268,395060,TRINITY_HIGH_SCHOOL,590,550,23,FALSE,24.63828747,PA,0,1140,1070,1140,TRUE
596,FALSE,TRUE,27,582,331845,SHENENDEHOWA_HIGH_SCHOO,800,700,,TRUE,359.573779,NY,0,1500,,1500,FALSE
597,FALSE,FALSE,129,353,310705,LIVINGSTON_HIGH_SCHOOL,690,580,,FALSE,296.7474475,NJ,0,1270,,1270,FALSE
599,FALSE,TRUE,19,224,210615,NORTH_HAGERSTOWN_HIGH_S,750,600,,TRUE,131.5550158,MD,0,1350,,1350,FALSE
604,FALSE,TRUE,11,109,395308,LOYALSOCK_TOWNSHIP_SR_H,550,650,,TRUE,163.2580343,PA,1,1200,,1200,TRUE
605,FALSE,FALSE,77,350,393280,CHELTENHAM_TOWNSHIP_HIG,540,550,,FALSE,257.3593074,PA,0,1090,,1090,TRUE
613,FALSE,FALSE,35,174,392720,MONTOURSVILLE_AREA_HIGH,440,500,,FALSE,169.4684877,PA,0,940,,940,TRUE
614,TRUE,FALSE,42,212,390655,THOMAS_JEFFERSON_HIGH_S,630,510,,FALSE,10.28501717,PA,0,1140,,1140,TRUE
615,TRUE,FALSE,25,92,393080,RIVERVIEW_HIGH_SCHOOL,570,540,,FALSE,7.162133539,PA,0,1110,,1110,TRUE
616,FALSE,TRUE,2,218,390230,BELLE_VERNON_AREA_HIGH,680,640,,TRUE,21.69652373,PA,0,1320,,1320,TRUE
618,FALSE,FALSE,100,232,390045,HAMPTON_HIGH_SCHOOL,490,510,,FALSE,8.756275362,PA,2,1000,,1000,TRUE
619,FALSE,FALSE,40,200,391295,MERCYHURST_PREPARATORY,580,560,,FALSE,115.4252054,PA,0,1140,,1140,TRUE
621,FALSE,FALSE,201,540,393125,PARKLAND_HIGH_SCHOOL,550,530,,FALSE,229.3729227,PA,0,1080,,1080,TRUE
623,FALSE,FALSE,37,116,390303,LOWER_MORELAND_HIGH_SCH,550,600,,FALSE,259.185817,PA,0,1150,,1150,TRUE
629,FALSE,FALSE,117,346,394040,PLYMOUTH_WHITEMARSH_HIG,590,560,,FALSE,248.9494951,PA,0,1150,,1150,TRUE
633,FALSE,FALSE,,,311360,SCOTCH_PLAINS_FANWOOD_H,710,610,,FALSE,293.2009194,NJ,0,1320,,1320,FALSE
639,FALSE,FALSE,50,222,392150,LANSDALE_CATHOLIC_HIGH,570,510,,FALSE,246.0145418,PA,0,1080,,1080,TRUE
640,FALSE,TRUE,9,374,391645,CENTRAL_DAUPHIN_HIGH_SC,640,690,,TRUE,166.8008342,PA,0,1330,,1330,TRUE
641,FALSE,TRUE,63,386,395164,EAST_SENIOR_HIGH_SCHOOL,710,750,29,TRUE,232.3633823,PA,0,1460,1300,1460,TRUE
643,FALSE,FALSE,126,257,393895,SCHENLEY_HIGH_SCH_TEACH,590,650,,FALSE,1.20582399,PA,1,1240,,1240,TRUE
644,FALSE,FALSE,148,311,393707,UPPER_SAINT_CLAIR_HIGH,760,650,,FALSE,10.13672876,PA,0,1410,,1410,TRUE
645,TRUE,FALSE,176,499,395465,SENECA_VALLEY_SR_HIGH_S,570,430,,FALSE,21.89830724,PA,0,1000,,1000,TRUE
653,FALSE,FALSE,33,100,364805,CATHOLIC_CENTRAL_HIGH_S,680,510,25,FALSE,35.74601544,OH,0,1190,1150,1190,FALSE
654,TRUE,FALSE,85,251,392735,MONTOUR_HIGH_SCHOOL,520,540,,FALSE,13.27965852,PA,1,1060,,1060,TRUE
655,FALSE,FALSE,30,194,391710,WALLENPAUPACK_AREA_HIGH,570,570,,FALSE,258.5279472,PA,0,1140,,1140,TRUE
656,FALSE,TRUE,,,391470,MINING_AND_MECHANICAL_I,750,770,,TRUE,216.8139252,PA,0,1520,,1520,TRUE
657,TRUE,FALSE,9,713,392145,NESHAMINY_HIGH_SCHOOL,640,540,,FALSE,262.9794712,PA,0,1180,,1180,TRUE
659,TRUE,FALSE,122,219,390045,HAMPTON_HIGH_SCHOOL,560,550,,FALSE,12.5667003,PA,1,1110,,1110,TRUE
661,FALSE,FALSE,16,209,390875,CORRY_AREA_HIGH_SCHOOL,510,610,23,FALSE,103.4620814,PA,0,1120,1070,1120,TRUE
662,TRUE,FALSE,41,163,393045,NORTH_EAST_HIGH_SCHOOL,550,470,,FALSE,121.7015137,PA,0,1020,,1020,TRUE
663,FALSE,FALSE,171,318,390560,CARLISLE_HIGH_SCHOOL_WE,560,550,,FALSE,146.2203201,PA,0,1110,,1110,TRUE
666,TRUE,TRUE,6,128,394875,TROY_SENIOR_HIGH_SCHOOL,570,660,,TRUE,191.0986093,PA,0,1230,,1230,TRUE
670,FALSE,FALSE,46,439,395327,WILLIAMSPORT_AREA_HIGH,550,560,21,FALSE,162.4893134,PA,0,1110,990,1110,TRUE
674,FALSE,FALSE,,,332628,JERICHO_SENIOR_HIGH_SCH,560,560,,FALSE,337.9308499,NY,0,1120,,1120,FALSE
676,FALSE,FALSE,354,906,392985,COUNCIL_ROCK_HIGH_SCHOO,640,540,,FALSE,261.5341513,PA,0,1180,,1180,TRUE
677,FALSE,FALSE,12,177,390200,BEAVER_AREA_HIGH_SCHOOL,570,520,,FALSE,26.65426463,PA,0,1090,,1090,TRUE
679,FALSE,FALSE,100,541,333719,JOHN_F_KENNEDY_HIGH_SCH,620,490,,FALSE,318.8619003,NY,0,1110,,1110,FALSE
680,FALSE,FALSE,110,385,393430,PHILADELPHIA_HIGH_SCHOO,570,430,,FALSE,253.7930312,PA,0,1000,,1000,TRUE
683,FALSE,FALSE,53,100,364805,CATHOLIC_CENTRAL_HIGH_S,520,640,28,FALSE,37.5651476,OH,0,1160,1260,1260,FALSE
688,FALSE,FALSE,22,109,395308,LOYALSOCK_TOWNSHIP_SR_H,570,520,20,FALSE,163.2580343,PA,0,1090,950,1090,TRUE
689,FALSE,FALSE,377,906,392985,COUNCIL_ROCK_HIGH_SCHOO,640,520,,FALSE,256.9885027,PA,1,1160,,1160,TRUE
690,FALSE,FALSE,74,425,391980,WILLIAM_TENNENT_HIGH_SC,590,650,,FALSE,256.9885027,PA,0,1240,,1240,TRUE
692,FALSE,TRUE,,,390107,TORAH_ACADEMY_GREATER_P,660,580,,FALSE,260.4455941,PA,0,1240,,1240,TRUE
694,FALSE,FALSE,41,224,390025,ALLENTOWN_CENTRAL_CATHO,610,620,,FALSE,242.3291052,PA,0,1230,,1230,TRUE
695,FALSE,FALSE,,,330630,BROOKLYN_TECHNICAL_HIGH,580,510,,FALSE,316.6545733,NY,0,1090,,1090,FALSE
698,TRUE,FALSE,157,376,395170,B_REED_HENDERSON_HIGH_S,640,600,,FALSE,232.3633823,PA,0,1240,,1240,TRUE
701,TRUE,FALSE,228,480,390488,CENTRAL_BUCKS_HIGH_SCHO,570,610,,FALSE,256.4030779,PA,0,1180,,1180,TRUE
705,TRUE,FALSE,59,212,210038,BALTIMORE_POLYTECHNIC_I,610,540,,FALSE,192.922882,MD,0,1150,,1150,FALSE
707,FALSE,TRUE,,,211002,SUITLAND_HIGH_SCHOOL,540,540,24,FALSE,196.5926306,MD,2,1080,1110,1110,FALSE
708,FALSE,TRUE,,,210560,GAITHERSBURG_HIGH_SCHOO,770,710,,TRUE,170.9736161,MD,2,1480,,1480,FALSE
713,FALSE,TRUE,,,470103,BISHOP_DENIS_J_OCONNELL,660,640,,TRUE,172.4331588,VA,0,1300,,1300,FALSE
717,FALSE,FALSE,29,87,394502,KENNEDY_CHRISTIAN_HIGH,540,540,,FALSE,45.57743603,PA,1,1080,,1080,TRUE
718,FALSE,FALSE,42,123,395445,YORK_CATHOLIC_HIGH_SCHO,560,510,,FALSE,176.3040126,PA,0,1070,,1070,TRUE
719,FALSE,FALSE,31,385,393430,PHILADELPHIA_HIGH_SCHOO,450,520,,FALSE,259.5898041,PA,0,970,,970,TRUE
720,FALSE,FALSE,102,483,390740,COATESVILLE_AREA_SR_HIG,580,470,19,FALSE,220.3886802,PA,0,1050,910,1050,TRUE
722,FALSE,TRUE,10,296,390530,CANON_MCMILLAN_HIGH_SCH,650,610,28,TRUE,15.90223598,PA,0,1260,1260,1260,TRUE
724,FALSE,FALSE,,,210839,WINSTON_CHURCHILL_HIGH,560,550,,FALSE,176.1391107,MD,0,1110,,1110,FALSE
726,FALSE,FALSE,215,419,310223,CHERRY_HILL_HIGH_SCHOOL,570,600,,FALSE,266.2849411,NJ,0,1170,,1170,FALSE
728,FALSE,FALSE,108,290,390065,WISSAHICKON_HIGH_SCHOOL,610,540,,FALSE,247.3633144,PA,0,1150,,1150,TRUE
729,TRUE,FALSE,14,105,394525,SHARPSVILLE_AREA_SENIOR,620,520,,FALSE,62.95530936,PA,0,1140,,1140,TRUE
731,FALSE,FALSE,31,93,394325,ELK_COUNTY_CHRISTIAN_HI,570,560,,FALSE,93.61642716,PA,0,1130,,1130,TRUE
735,FALSE,FALSE,55,200,391512,PINE_RICHLAND_HIGH_SCHO,530,480,23,FALSE,18.26959912,PA,2,1010,1070,1070,TRUE
740,FALSE,FALSE,43,237,393765,PERRY_TRADITIONAL_ACADE,630,640,,FALSE,3.545730259,PA,1,1270,,1270,TRUE
742,FALSE,TRUE,22,240,394145,EXETER_TOWNSHIP_SR_HIGH,640,620,,TRUE,215.4355511,PA,0,1260,,1260,TRUE
744,FALSE,FALSE,25,198,392910,NEW_CASTLE_SENIOR_HIGH,540,490,,FALSE,42.70779856,PA,1,1030,,1030,TRUE
745,FALSE,FALSE,116,371,393280,CHELTENHAM_TOWNSHIP_HIG,490,530,,FALSE,257.3593074,PA,1,1020,,1020,TRUE
749,FALSE,FALSE,165,395,334205,NORTHPORT_SENIOR_HIGH_S,540,540,,FALSE,348.8551424,NY,0,1080,,1080,FALSE
750,FALSE,FALSE,68,571,142301,HOFFMAN_ESTATES_HIGH_SC,,,24,FALSE,440.8483744,IL,0,,1110,1110,FALSE
755,TRUE,FALSE,225,906,392985,COUNCIL_ROCK_HIGH_SCHOO,700,630,,FALSE,264.5120607,PA,0,1330,,1330,TRUE
758,TRUE,FALSE,5,25,390622,CHRISTIAN_ACADEMY,450,520,,FALSE,250.2227817,PA,0,970,,970,TRUE
759,FALSE,TRUE,23,375,361110,SAINT_XAVIER_HIGH_SCHOO,680,600,27,TRUE,256.9697564,OH,0,1280,1220,1280,FALSE
762,FALSE,FALSE,118,458,392140,HEMPFIELD_HIGH_SCHOOL,580,530,,FALSE,185.2361846,PA,0,1110,,1110,TRUE
763,TRUE,FALSE,90,195,395162,BISHOP_SHANAHAN_HIGH_SC,540,510,,FALSE,225.6331378,PA,1,1050,,1050,TRUE
764,FALSE,FALSE,9,140,394088,POTTSTOWN_SENIOR_HIGH_S,490,520,,FALSE,227.8990996,PA,0,1010,,1010,TRUE
765,FALSE,FALSE,74,286,390530,CANON_MCMILLAN_HIGH_SCH,530,510,,FALSE,15.90223598,PA,1,1040,,1040,TRUE
771,TRUE,FALSE,70,358,393772,PLUM_SENIOR_HIGH_SCHOOL,650,510,,FALSE,11.81043176,PA,0,1160,,1160,TRUE
772,FALSE,TRUE,,,OSHIGH,OUT_OF_STATE_HIGH_SCHOO,700,640,,TRUE,1149.374021,TX,0,1340,,1340,FALSE
777,FALSE,FALSE,,,470353,LAKE_BRADDOCK_SECONDARY,580,620,,FALSE,182.6737626,VA,0,1200,,1200,FALSE
782,FALSE,TRUE,,,141044,MOTHER_MCAULEY_HIGH_SCH,670,700,32,TRUE,410.8516557,IL,0,1370,1420,1420,FALSE
784,TRUE,FALSE,66,304,391670,PENN_TRAFFORD_HIGH_SCHO,580,470,,FALSE,14.89142491,PA,0,1050,,1050,TRUE
786,FALSE,FALSE,45,157,443371,G_W_CARVER_HIGH_SCHOOL,560,530,,FALSE,251.3370017,PA,0,1090,,1090,TRUE
787,FALSE,TRUE,20,327,470765,LEE_DAVIS_HIGH_SCHOOL,540,650,,TRUE,240.1177728,VA,0,1190,,1190,FALSE
791,FALSE,TRUE,1,242,360875,CHARDON_HIGH_SCHOOL,640,510,26,TRUE,101.755988,OH,0,1150,1190,1190,FALSE
792,TRUE,FALSE,58,403,393630,BALDWIN_HIGH_SCHOOL,550,550,,FALSE,4.805025558,PA,1,1100,,1100,TRUE
793,FALSE,FALSE,53,311,391646,CENTRAL_DAUPHIN_EAST_SR,540,630,,FALSE,167.0392271,PA,0,1170,,1170,TRUE
794,FALSE,TRUE,9,345,394555,GOVERNOR_MIFFLIN_SR_HIG,780,730,,TRUE,211.0808049,PA,0,1510,,1510,TRUE
795,FALSE,TRUE,,,471395,MCLEAN_HIGH_SCHOOL,640,670,,TRUE,181.319551,VA,0,1310,,1310,FALSE
797,TRUE,FALSE,13,193,391755,YOUGH_SENIOR_HIGH_SCHOO,590,470,,FALSE,19.34413568,PA,1,1060,,1060,TRUE
798,FALSE,FALSE,15,190,390700,MCGUFFEY_HIGH_SCHOOL,510,510,,FALSE,31.09263127,PA,0,1020,,1020,TRUE
799,FALSE,FALSE,28,152,395135,WELLSBORO_AREA_HIGH_SCH,620,510,,FALSE,164.4280817,PA,0,1130,,1130,TRUE
801,TRUE,TRUE,27,144,391390,FLEETWOOD_AREA_HIGH_SCH,660,650,,TRUE,219.8058942,PA,0,1310,,1310,TRUE
804,FALSE,FALSE,52,106,335165,MYNDERSE_ACADEMY,580,520,,FALSE,236.1286286,NY,0,1100,,1100,FALSE
818,FALSE,FALSE,,,390295,CONESTOGA_HIGH_SCHOOL,620,550,,FALSE,241.6566058,PA,0,1170,,1170,TRUE
823,FALSE,FALSE,71,226,394131,ARCHBISHOP_CARROLL_HIGH,550,490,,FALSE,244.9011576,PA,0,1040,,1040,TRUE
824,FALSE,FALSE,44,397,393752,NORTH_HILLS_HIGH_SCHOOL,560,590,,FALSE,7.137317804,PA,2,1150,,1150,TRUE
825,FALSE,FALSE,,,51730,NOTRE_DAME_ACADEMY,490,530,22,FALSE,2141.609911,CA,0,1020,1030,1030,FALSE
827,FALSE,FALSE,164,386,395164,EAST_SENIOR_HIGH_SCHOOL,590,560,,FALSE,235.1172132,PA,1,1150,,1150,TRUE
835,FALSE,FALSE,70,265,411033,HILTON_HEAD_HIGH_SCHOOL,590,510,,FALSE,569.8163883,SC,0,1100,,1100,FALSE
836,TRUE,FALSE,87,199,391765,HERSHEY_HIGH_SCHOOL,550,540,,FALSE,174.3811051,PA,0,1090,,1090,TRUE
838,FALSE,TRUE,1,569,143345,PALATINE_HIGH_SCHOOL,,,30,TRUE,435.3421721,IL,0,,1340,1340,FALSE
839,FALSE,FALSE,133,421,220842,FRAMINGHAM_HIGH_SCHOOL,660,610,,FALSE,460.7443141,MA,0,1270,,1270,FALSE
843,TRUE,FALSE,5,78,392515,STO_ROX_JR_SR_HIGH_SCHO,450,490,,FALSE,7.270399131,PA,0,940,,940,TRUE
850,FALSE,TRUE,,,310001,NORTHERN_HIGHLANDS_REG,760,650,,TRUE,307.6921089,NJ,0,1410,,1410,FALSE
851,FALSE,TRUE,19,586,333310,NEWBURGH_FREE_ACADEMY,700,800,,TRUE,316.1258912,NY,0,1500,,1500,FALSE
857,FALSE,FALSE,96,245,390042,HOPEWELL_SENIOR_HIGH_SC,520,510,,FALSE,20.47997461,PA,0,1030,,1030,TRUE
859,TRUE,FALSE,57,137,394567,TRINITY_HIGH_SCHOOL,610,650,,FALSE,160.1275284,PA,0,1260,,1260,TRUE
860,FALSE,FALSE,61,309,390930,DALLASTOWN_AREA_HIGH_SC,700,540,,FALSE,176.3040126,PA,0,1240,,1240,TRUE
869,FALSE,FALSE,40,252,390675,ABINGTON_HEIGHTS_HIGH_S,630,590,,FALSE,233.340629,PA,0,1220,,1220,TRUE
874,TRUE,FALSE,33,262,395060,TRINITY_HIGH_SCHOOL,480,490,,FALSE,24.63828747,PA,0,970,,970,TRUE
878,FALSE,FALSE,,,210690,LAUREL_HIGH_SCHOOL,570,550,,FALSE,190.6208213,MD,0,1120,,1120,FALSE
879,FALSE,FALSE,105,400,335955,WHITE_PLAINS_HIGH_SCHOO,670,560,,FALSE,326.3251198,NY,0,1230,,1230,FALSE
880,FALSE,FALSE,,,310283,EAST_BRUNSWICK_HIGH_SCH,600,570,,FALSE,292.0481602,NJ,0,1170,,1170,FALSE
885,FALSE,FALSE,100,254,392635,DELAWARE_VALLEY_HIGH_SC,620,430,,FALSE,272.0869766,PA,1,1050,,1050,TRUE
895,FALSE,FALSE,40,253,331385,CLARENCE_CENTRAL_HIGH_S,580,520,20,FALSE,188.6093544,NY,0,1100,950,1100,FALSE
898,TRUE,FALSE,131,516,393125,PARKLAND_HIGH_SCHOOL,630,660,,FALSE,228.134944,PA,0,1290,,1290,TRUE
899,FALSE,FALSE,124,906,392985,COUNCIL_ROCK_HIGH_SCHOO,550,560,,FALSE,261.540521,PA,1,1110,,1110,TRUE
900,FALSE,TRUE,19,330,335730,VESTAL_SENIOR_HIGH_SCHO,790,760,,TRUE,234.0442888,NY,0,1550,,1550,FALSE
903,FALSE,TRUE,4,300,391646,CENTRAL_DAUPHIN_EAST_SR,620,580,,TRUE,163.3167428,PA,0,1200,,1200,TRUE
905,FALSE,TRUE,,,394080,HILL_SCHOOL_THE,630,630,,TRUE,227.8990996,PA,0,1260,,1260,TRUE
906,FALSE,TRUE,69,175,310710,LODI_HIGH_SCHOOL,510,550,,TRUE,309.4350933,NJ,0,1060,,1060,FALSE
913,FALSE,FALSE,,,310815,MONTCLAIR_KIMBERLEY_ACA,560,530,,FALSE,302.7964782,NJ,0,1090,,1090,FALSE
919,FALSE,TRUE,22,484,390020,WILLIAM_ALLEN_HIGH_SCHO,600,680,,TRUE,233.2633274,PA,1,1280,,1280,TRUE
920,TRUE,FALSE,21,290,210079,EASTERN_TECHNICAL_HIGH,520,550,,FALSE,202.7309612,MD,0,1070,,1070,FALSE
927,FALSE,FALSE,,,210592,GLENELG_COUNTRY_SCHOOL,630,520,,FALSE,184.1764731,MD,0,1150,,1150,FALSE
932,FALSE,FALSE,125,825,392155,NORTH_PENN_HIGH_SCHOOL,560,490,,FALSE,245.6919713,PA,0,1050,,1050,TRUE
933,TRUE,FALSE,136,443,391045,CENTRAL_BUCKS_HIGH_SCHO,680,660,,FALSE,254.3130912,PA,1,1340,,1340,TRUE
939,FALSE,TRUE,111,798,50563,RUBEN_S_AYALA_SR_HIGH_S,640,560,,FALSE,2111.718126,CA,0,1200,,1200,FALSE
941,FALSE,FALSE,,,393745,NORTH_ALLEGHENY_SR_HIGH,560,520,24,FALSE,8.618491185,PA,1,1080,1110,1110,TRUE
952,FALSE,TRUE,,,490217,GEORGE_WASHINGTON_HIGH,690,630,30,TRUE,169.8550051,WV,0,1320,1340,1340,FALSE
954,TRUE,FALSE,64,310,390855,CEDAR_CREST_HIGH_SCHOOL,610,500,,FALSE,155.1968348,PA,0,1110,,1110,TRUE
961,FALSE,TRUE,28,346,394040,PLYMOUTH_WHITEMARSH_HIG,710,670,,TRUE,247.7716495,PA,0,1380,,1380,TRUE
966,TRUE,FALSE,81,223,364810,STEUBENVILLE_HIGH_SCHOO,640,550,23,FALSE,37.5651476,OH,2,1190,1070,1190,FALSE
968,FALSE,FALSE,42,174,393550,WEST_PHILADELPHIA_CATHO,460,490,,FALSE,254.5027711,PA,0,950,,950,TRUE
969,FALSE,FALSE,,,310787,JOHN_P_STEVENS_HIGH_SCH,650,580,,FALSE,294.3649949,NJ,0,1230,,1230,FALSE
970,FALSE,FALSE,,,334515,TAPPAN_ZEE_HIGH_SCHOOL,600,520,,FALSE,316.7690206,NY,0,1120,,1120,FALSE
972,FALSE,FALSE,54,223,393655,CENTRAL_CATHOLIC_HIGH_S,560,570,,FALSE,10.1671665,PA,0,1130,,1130,TRUE
974,FALSE,FALSE,71,427,390038,LOUIS_E_DIERUFF_HIGH_SC,590,470,,FALSE,236.2908789,PA,0,1060,,1060,TRUE
980,FALSE,FALSE,57,206,390830,SOUTHERN_LEHIGH_HIGH_SC,570,550,22,FALSE,240.245104,PA,0,1120,1030,1120,TRUE
981,TRUE,FALSE,296,451,310761,CHEROKEE_HIGH_SCHOOL,590,500,,FALSE,269.5734499,NJ,0,1090,,1090,FALSE
984,TRUE,FALSE,59,170,392693,CENTER_HIGH_SCHOOL,500,520,,FALSE,20.47997461,PA,3,1020,,1020,TRUE
992,TRUE,FALSE,61,151,391365,FAIRVIEW_HIGH_SCHOOL,670,640,26,FALSE,111.4579565,PA,0,1310,1190,1310,TRUE
998,FALSE,FALSE,32,129,393908,SETON_LA_SALLE_HIGH_SCH,490,570,,FALSE,4.805025558,PA,0,1060,,1060,TRUE
1001,FALSE,FALSE,101,617,394965,UPPER_DARBY_HIGH_SCHOOL,600,560,,FALSE,248.0733471,PA,0,1160,,1160,TRUE
1006,TRUE,FALSE,106,251,392735,MONTOUR_HIGH_SCHOOL,550,510,,FALSE,7.270399131,PA,0,1060,,1060,TRUE
1011,FALSE,TRUE,124,591,152347,PENN_HIGH_SCHOOL,690,740,,TRUE,334.707484,IN,0,1430,,1430,FALSE
1016,FALSE,FALSE,84,292,392287,PENNCREST_HIGH_SCHOOL,650,510,,FALSE,243.0447439,PA,0,1160,,1160,TRUE
1022,TRUE,TRUE,23,275,392170,GREATER_LATROBE_SR_HIGH,670,620,,TRUE,30.52244482,PA,0,1290,,1290,TRUE
1023,FALSE,FALSE,131,292,392287,PENNCREST_HIGH_SCHOOL,560,520,,FALSE,243.0447439,PA,1,1080,,1080,TRUE
1024,FALSE,TRUE,1,118,391520,GIRARD_HIGH_SCHOOL,630,510,22,TRUE,110.875551,PA,0,1140,1030,1140,TRUE
1025,FALSE,TRUE,87,359,310460,HACKENSACK_HIGH_SCHOOL,560,620,,FALSE,311.2373586,NJ,0,1180,,1180,FALSE
1026,FALSE,FALSE,72,116,390303,LOWER_MORELAND_HIGH_SCH,560,480,,FALSE,259.185817,PA,0,1040,,1040,TRUE
1029,FALSE,FALSE,328,540,393125,PARKLAND_HIGH_SCHOOL,620,550,,FALSE,236.2908789,PA,0,1170,,1170,TRUE
1035,TRUE,FALSE,17,552,394170,READING_SENIOR_HIGH_SCH,470,450,,FALSE,212.7254588,PA,0,920,,920,TRUE
1037,FALSE,FALSE,110,208,334145,XAVIER_HIGH_SCHOOL,590,570,,FALSE,319.5265048,NY,0,1160,,1160,FALSE
1042,TRUE,FALSE,,,393745,NORTH_ALLEGHENY_SR_HIGH,610,530,,FALSE,8.618491185,PA,0,1140,,1140,TRUE
1043,FALSE,FALSE,119,320,391265,EPHRATA_SENIOR_HIGH_SCH,600,600,,FALSE,199.8258032,PA,0,1200,,1200,TRUE
1045,FALSE,FALSE,106,229,393405,NORTHEAST_CATHOLIC_HIGH,510,600,,FALSE,257.5655415,PA,0,1110,,1110,TRUE
1047,FALSE,FALSE,,,395230,WESTTOWN_SCHOOL,540,590,28,FALSE,147.5629161,PA,2,1130,1260,1260,TRUE
1048,FALSE,FALSE,57,157,392100,LANCASTER_CATHOLIC_HIGH,580,500,,FALSE,199.8258032,PA,0,1080,,1080,TRUE
1055,FALSE,TRUE,3,126,392050,PEQUEA_VALLEY_HIGH_SCHO,640,770,,TRUE,208.4410742,PA,0,1410,,1410,TRUE
1057,TRUE,FALSE,7,79,390663,CLARION_AREA_JR_SR_HIGH,510,590,,FALSE,61.14452745,PA,1,1100,,1100,TRUE
1059,TRUE,FALSE,166,325,395190,WILSON_HIGH_SCHOOL,520,560,,FALSE,207.2759627,PA,0,1080,,1080,TRUE
1060,FALSE,FALSE,92,247,311492,NOTRE_DAME_HIGH_SCHOOL,600,610,,FALSE,271.074384,PA,0,1210,,1210,TRUE
1062,FALSE,TRUE,,,330630,BROOKLYN_TECHNICAL_HIGH,580,540,,FALSE,318.3339041,NY,0,1120,,1120,FALSE
1069,TRUE,FALSE,151,380,393752,NORTH_HILLS_HIGH_SCHOOL,540,490,,FALSE,3.545730259,PA,0,1030,,1030,TRUE
1084,FALSE,TRUE,,,490935,NITRO_HIGH_SCHOOL,690,590,25,TRUE,169.8550051,WV,0,1280,1150,1280,FALSE
1088,TRUE,FALSE,,,394133,RADNOR_HIGH_SCHOOL,720,590,,FALSE,245.9193909,PA,0,1310,,1310,TRUE
1102,FALSE,FALSE,69,223,161215,ROOSEVELT_HIGH_SCHOOL,560,540,24,FALSE,719.518745,IA,0,1100,1110,1110,FALSE
1103,FALSE,FALSE,,,393745,NORTH_ALLEGHENY_SR_HIGH,520,480,,FALSE,8.618491185,PA,1,1000,,1000,TRUE
1105,TRUE,FALSE,,,393708,HILLEL_ACADEMY_OF_PITTS,530,580,27,FALSE,1.754598235,PA,0,1110,1220,1220,TRUE
1108,TRUE,TRUE,53,261,391510,GETTYSBURG_AREA_SR_HIGH,680,780,,TRUE,150.5370376,PA,0,1460,,1460,TRUE
1111,FALSE,FALSE,22,324,393020,NORRISTOWN_AREA_HIGH_SC,550,580,,FALSE,241.9643927,PA,0,1130,,1130,TRUE
1114,FALSE,FALSE,58,206,390830,SOUTHERN_LEHIGH_HIGH_SC,550,510,,FALSE,234.3389195,PA,0,1060,,1060,TRUE
1119,FALSE,TRUE,9,223,393655,CENTRAL_CATHOLIC_HIGH_S,690,610,,TRUE,2.540615156,PA,1,1300,,1300,TRUE
1122,TRUE,FALSE,53,150,392960,VALLEY_HIGH_SCHOOL,650,610,,FALSE,14.25052443,PA,0,1260,,1260,TRUE
1123,TRUE,FALSE,18,132,390590,CATASAUQUA_HIGH_SCHOOL,580,580,,FALSE,236.1652857,PA,0,1160,,1160,TRUE
1125,FALSE,TRUE,23,501,393275,CENTRAL_HIGH_SCHOOL,690,590,,TRUE,253.5509882,PA,0,1280,,1280,TRUE
1126,TRUE,FALSE,128,278,392835,FRANKLIN_REGIONAL_SR_HI,580,470,,FALSE,18.12555444,PA,2,1050,,1050,TRUE
1130,TRUE,FALSE,79,235,390840,MOON_AREA_HIGH_SCHOOL,530,570,,FALSE,13.27965852,PA,0,1100,,1100,TRUE
1131,TRUE,FALSE,25,107,390570,CARLYNTON_JR_SR_HIGH_SC,520,550,25,FALSE,7.751102246,PA,1,1070,1150,1150,TRUE
1132,TRUE,TRUE,,,210597,ELEANOR_ROOSEVELT_HIGH,640,580,,FALSE,196.7100845,MD,0,1220,,1220,FALSE
1133,FALSE,TRUE,45,446,393763,PENN_HILLS_SENIOR_HIGH,650,520,,FALSE,7.162133539,PA,0,1170,,1170,TRUE
1134,FALSE,FALSE,53,132,392220,QUAKER_VALLEY_SR_HIGH_S,600,510,,FALSE,13.26307842,PA,1,1110,,1110,TRUE
1136,TRUE,FALSE,199,593,390500,BUTLER_AREA_SR_HIGH_SCH,550,490,22,FALSE,29.0664288,PA,0,1040,1030,1040,TRUE
1145,FALSE,TRUE,,,100251,INTERNATIONAL_BACCALAUR,800,660,,TRUE,882.8309964,FL,0,1460,,1460,FALSE
1150,FALSE,FALSE,139,495,390488,CENTRAL_BUCKS_HIGH_SCHO,650,550,,FALSE,256.4030779,PA,0,1200,,1200,TRUE
1151,FALSE,FALSE,61,252,150600,COLUMBIA_CITY_HIGH_SCHO,530,600,,FALSE,293.1753949,IN,0,1130,,1130,FALSE
1152,TRUE,FALSE,56,96,391760,MILTON_HERSHEY_SCHOOL,600,450,,FALSE,253.2430845,PA,0,1050,,1050,TRUE
1155,TRUE,FALSE,,,333000,RYE_NECK_HIGH_SCHOOL,490,520,,FALSE,327.9815732,NY,0,1010,,1010,FALSE
1160,TRUE,FALSE,49,143,364530,SAINT_CLAIRSVILLE_HIGH,590,500,24,FALSE,55.89342332,OH,0,1090,1110,1110,FALSE
1163,FALSE,FALSE,18,70,394367,SALTSBURG_JR_SR_HIGH_SC,470,550,,FALSE,27.03558004,PA,1,1020,,1020,TRUE
1165,FALSE,FALSE,74,215,390655,THOMAS_JEFFERSON_HIGH_S,550,570,24,FALSE,6.913734612,PA,0,1120,1110,1120,TRUE
1166,FALSE,FALSE,,,390485,SHIPLEY_SCHOOL_THE,560,560,,FALSE,251.6268743,PA,0,1120,,1120,TRUE
1168,FALSE,FALSE,59,117,391574,GREENSBURG_CENTRAL_CATH,550,570,,FALSE,23.67039517,PA,1,1120,,1120,TRUE
1171,FALSE,FALSE,63,283,390065,WISSAHICKON_HIGH_SCHOOL,550,600,,FALSE,247.3633144,PA,0,1150,,1150,TRUE
1175,FALSE,FALSE,89,223,393655,CENTRAL_CATHOLIC_HIGH_S,480,490,,FALSE,2.540615156,PA,0,970,,970,TRUE
1179,TRUE,FALSE,210,376,395170,B_REED_HENDERSON_HIGH_S,520,580,,FALSE,233.2487987,PA,0,1100,,1100,TRUE
1182,TRUE,FALSE,69,380,393752,NORTH_HILLS_HIGH_SCHOOL,640,620,,FALSE,6.754505039,PA,1,1260,,1260,TRUE
1185,TRUE,FALSE,145,499,395465,SENECA_VALLEY_SR_HIGH_S,510,500,,FALSE,21.89830724,PA,1,1010,,1010,TRUE
1188,FALSE,FALSE,55,343,450170,LOGAN_HIGH_SCHOOL,640,500,,FALSE,1668.253673,UT,0,1140,,1140,FALSE
1195,FALSE,TRUE,62,223,393655,CENTRAL_CATHOLIC_HIGH_S,660,790,,TRUE,6.812531884,PA,1,1450,,1450,TRUE
1197,FALSE,FALSE,,,393745,NORTH_ALLEGHENY_SR_HIGH,650,550,,FALSE,8.618491185,PA,0,1200,,1200,TRUE
1202,FALSE,FALSE,132,250,395035,WARREN_AREA_HIGH_SCHOOL,610,510,,FALSE,105.7608835,PA,0,1120,,1120,TRUE
1208,FALSE,TRUE,270,776,52862,MOUNT_CARMEL_HIGH_SCHOO,550,580,,FALSE,2108.397972,CA,0,1130,,1130,FALSE
1212,TRUE,FALSE,,,210250,BETHESDA_CHEVY_CHASE_HI,650,700,,FALSE,182.5497736,MD,0,1350,,1350,FALSE
1215,TRUE,FALSE,16,221,395035,WARREN_AREA_HIGH_SCHOOL,500,520,,FALSE,105.7608835,PA,0,1020,,1020,TRUE
1217,TRUE,FALSE,30,219,395440,WILLIAM_PENN_SR_HIGH_SC,600,530,,FALSE,171.5446303,PA,0,1130,,1130,TRUE
1224,TRUE,FALSE,73,315,393650,CARRICK_HIGH_SCHOOL,530,520,,FALSE,2.989392911,PA,0,1050,,1050,TRUE
1226,FALSE,FALSE,,,393745,NORTH_ALLEGHENY_SR_HIGH,580,610,,FALSE,13.01094933,PA,0,1190,,1190,TRUE
1233,FALSE,FALSE,11,168,394505,SHARON_HIGH_SCHOOL,520,500,25,FALSE,61.50505697,PA,0,1020,1150,1150,TRUE
1236,FALSE,FALSE,53,233,80155,ALEXIS_I_DU_PONT_HIGH_S,640,570,,FALSE,230.3117668,DE,0,1210,,1210,FALSE
1239,FALSE,FALSE,119,223,393655,CENTRAL_CATHOLIC_HIGH_S,610,550,,FALSE,7.875109633,PA,4,1160,,1160,TRUE
1248,TRUE,FALSE,76,249,391575,GREENSBURG_SALEM_HIGH_S,590,570,,FALSE,20.01222515,PA,2,1160,,1160,TRUE
1250,TRUE,FALSE,175,593,390500,BUTLER_AREA_SR_HIGH_SCH,690,570,,FALSE,29.0664288,PA,0,1260,,1260,TRUE
1253,FALSE,FALSE,80,158,311420,SUMMIT_HIGH_SCHOOL,710,640,,FALSE,294.2376046,NJ,0,1350,,1350,FALSE
1262,TRUE,FALSE,62,152,310185,CAMDEN_CATHOLIC_HIGH_SC,510,510,,FALSE,272.4572478,NJ,0,1020,,1020,FALSE
1269,FALSE,FALSE,14,423,490596,HUNTINGTON_HIGH_SCHOOL,580,550,24,FALSE,190.8797414,WV,0,1130,1110,1130,FALSE
1271,FALSE,FALSE,69,268,395060,TRINITY_HIGH_SCHOOL,650,560,,FALSE,24.63828747,PA,0,1210,,1210,TRUE
1278,FALSE,FALSE,35,84,525080,FATHER_DUENAS_MEMORIAL,730,560,,FALSE,4661.106893,HI,0,1290,,1290,FALSE
1288,FALSE,FALSE,34,386,100509,CYPRESS_LAKE_HIGH_SCHOO,500,480,22,FALSE,970.6404601,FL,0,980,1030,1030,FALSE
1297,FALSE,FALSE,41,129,393750,NORTH_CATHOLIC_HIGH_SCH,580,550,,FALSE,8.618491185,PA,1,1130,,1130,TRUE
1298,TRUE,FALSE,384,906,392985,COUNCIL_ROCK_HIGH_SCHOO,580,500,,FALSE,264.5120607,PA,0,1080,,1080,TRUE
1300,FALSE,TRUE,,,70670,ETHEL_WALKER_SCHOOL,550,620,26,FALSE,320.9847623,NY,0,1170,1190,1190,FALSE
1304,TRUE,TRUE,19,132,393775,OAKLAND_CATHOLIC_HIGH_S,,,27,FALSE,3.132484039,PA,4,,1220,1220,TRUE
1308,TRUE,FALSE,39,137,391380,CHESTNUT_RIDGE_SR_HIGH,620,530,,FALSE,78.10260113,PA,0,1150,,1150,TRUE
1313,FALSE,TRUE,31,167,331700,EAST_HAMPTON_HIGH_SCHOO,730,700,,TRUE,421.7031919,NY,0,1430,,1430,FALSE
1329,TRUE,TRUE,1,172,390200,BEAVER_AREA_HIGH_SCHOOL,580,560,,TRUE,26.65426463,PA,1,1140,,1140,TRUE
1331,FALSE,FALSE,18,134,391445,BETHLEHEM_CENTER_HIGH_S,580,620,,FALSE,35.16837035,PA,0,1200,,1200,TRUE
1333,TRUE,FALSE,32,178,362030,EAST_LIVERPOOL_HIGH_SCH,,,23,FALSE,35.66829377,OH,0,,1070,1070,FALSE
1335,FALSE,TRUE,14,315,391670,PENN_TRAFFORD_HIGH_SCHO,700,650,,TRUE,11.24933325,PA,0,1350,,1350,TRUE
1336,FALSE,FALSE,67,499,395465,SENECA_VALLEY_SR_HIGH_S,660,570,27,FALSE,21.89830724,PA,0,1230,1220,1230,TRUE
1340,FALSE,FALSE,36,192,392958,BURRELL_HIGH_SCHOOL,690,500,,FALSE,14.25052443,PA,0,1190,,1190,TRUE
1344,TRUE,TRUE,12,169,391590,GROVE_CITY_AREA_HIGH_SC,650,680,29,TRUE,50.05734163,PA,0,1330,1300,1330,TRUE
1345,TRUE,FALSE,96,683,395415,PENNSBURY_HIGH_SCHOOL,490,670,,FALSE,264.5120607,PA,0,1160,,1160,TRUE
1347,FALSE,TRUE,27,390,391895,NORWIN_SENIOR_HIGH_SCHO,670,610,,TRUE,14.89142491,PA,0,1280,,1280,TRUE
1352,TRUE,FALSE,35,517,52009,CANYON_HIGH_SCHOOL,700,400,,FALSE,2086.854033,CA,1,1100,,1100,FALSE
1353,TRUE,FALSE,50,213,392275,SOUTH_PARK_HIGH_SCHOOL,570,600,,FALSE,10.7661395,PA,1,1170,,1170,TRUE
1370,FALSE,FALSE,30,166,392415,MARS_AREA_HIGH_SCHOOL,530,460,,FALSE,18.26959912,PA,0,990,,990,TRUE
1371,FALSE,FALSE,,,80195,SALESIANUM_SCHOOL,660,600,,FALSE,252.9668044,NJ,0,1260,,1260,FALSE
1375,TRUE,FALSE,29,129,361541,FORT_HAYES_METRO_EDUC_C,,,22,FALSE,160.5550136,OH,0,,1030,1030,FALSE
1383,TRUE,TRUE,12,87,361485,CRESTVIEW_HIGH_SCHOOL,,,29,FALSE,41.46320286,OH,0,,1300,1300,FALSE
1386,TRUE,TRUE,21,283,390530,CANON_MCMILLAN_HIGH_SCH,660,620,24,TRUE,15.90223598,PA,1,1280,1110,1280,TRUE
1398,TRUE,FALSE,29,163,393045,NORTH_EAST_HIGH_SCHOOL,510,560,23,FALSE,121.7015137,PA,2,1070,1070,1070,TRUE
1407,TRUE,FALSE,53,148,390220,BEDFORD_HIGH_SCHOOL,520,560,,FALSE,81.68835214,PA,0,1080,,1080,TRUE
1408,TRUE,FALSE,21,175,395435,WEST_YORK_AREA_HIGH_SCH,510,480,,FALSE,171.5446303,PA,0,990,,990,TRUE
1412,TRUE,FALSE,,,393745,NORTH_ALLEGHENY_SR_HIGH,510,490,20,FALSE,13.01094933,PA,0,1000,950,1000,TRUE
1436,TRUE,TRUE,10,224,70660,SEYMOUR_HIGH_SCHOOL,660,550,,TRUE,365.0075255,CT,0,1210,,1210,FALSE
4,FALSE,TRUE,,,210802,OXON_HILL_HIGH_SCHOOL,490,410,17,FALSE,196.5926306,MD,0,900,830,900,FALSE
6,FALSE,FALSE,21,193,311645,WOODSTOWN_HIGH_SCHOOL,520,530,,FALSE,291.65016,NJ,0,1050,,1050,FALSE
8,FALSE,TRUE,68,425,310753,BRIDGEWATER_RARITAN_REG,640,620,,TRUE,280.2953494,NJ,0,1260,,1260,FALSE
11,FALSE,FALSE,6,69,394367,SALTSBURG_MIDDLE_HIGH_S,500,550,,FALSE,27.03558004,PA,1,1050,,1050,TRUE
13,FALSE,FALSE,42,420,393630,BALDWIN_HIGH_SCHOOL,550,530,,FALSE,4.805025558,PA,1,1080,,1080,TRUE
14,TRUE,TRUE,12,283,390530,CANON_MCMILLAN_HIGH_SCH,660,680,,TRUE,15.90223598,PA,0,1340,,1340,TRUE
15,FALSE,FALSE,165,314,231708,FOREST_HILLS_CENTRAL_HI,550,640,27,FALSE,334.074789,MI,1,1190,1220,1220,FALSE
16,FALSE,FALSE,128,386,PAHIGH,IN_STATE_HIGH_SCHOOL,620,670,,FALSE,235.1172132,PA,0,1290,,1290,TRUE
17,TRUE,FALSE,36,85,361195,BENEDICTINE_HIGH_SCHOOL,530,560,23,FALSE,110.8968262,OH,0,1090,1070,1090,FALSE
18,TRUE,FALSE,61,302,392485,MCKEESPORT_AREA_SR_HIGH,550,590,,FALSE,10.38356604,PA,1,1140,,1140,TRUE
20,FALSE,FALSE,115,495,390488,CENTRAL_BUCKS_HIGH_SCHO,660,530,,FALSE,254.3906678,PA,0,1190,,1190,TRUE
29,TRUE,TRUE,28,516,393125,PARKLAND_HIGH_SCHOOL,620,600,,TRUE,233.2633274,PA,0,1220,,1220,TRUE
31,TRUE,FALSE,74,147,394290,HARRITON_HIGH_SCH_LOWER,590,510,,FALSE,249.652483,PA,0,1100,,1100,TRUE
32,TRUE,FALSE,69,429,394657,CARDINAL_O'HARA_HIGH_SC,520,540,,FALSE,233.2487987,PA,0,1060,,1060,TRUE
34,FALSE,TRUE,,,53488,MONTCLAIR_COLLEGE_PREP,630,620,,TRUE,2149.269357,CA,0,1250,,1250,FALSE
37,FALSE,FALSE,183,634,391033,DOWNINGTOWN_SENIOR_HIGH,600,590,28,FALSE,225.6331378,PA,0,1190,1260,1260,TRUE
40,FALSE,TRUE,84,906,392985,COUNCIL_ROCK_HIGH_SCHOO,650,640,,TRUE,264.5120607,PA,0,1290,,1290,TRUE
41,FALSE,FALSE,,,395015,STRATH_HAVEN_HIGH_SCHOO,580,520,,FALSE,243.0447439,PA,0,1100,,1100,TRUE
42,FALSE,TRUE,7,119,392915,SHENANGO_HIGH_SCHOOL,660,640,28,TRUE,42.70779856,PA,0,1300,1260,1300,TRUE
48,TRUE,FALSE,41,89,390595,SOUTHERN_COLUMBIA_AR_JR,460,600,,FALSE,180.6325585,PA,0,1060,,1060,TRUE
50,FALSE,FALSE,192,617,152347,PENN_HIGH_SCHOOL,540,510,,FALSE,334.707484,IN,1,1050,,1050,FALSE
53,FALSE,TRUE,35,245,100177,CENTRAL_HIGH_SCHOOL,520,630,28,FALSE,840.644974,FL,1,1150,1260,1260,FALSE
54,FALSE,FALSE,85,350,392708,GATEWAY_SENIOR_HIGH_SCH,640,580,,FALSE,10.1671665,PA,1,1220,,1220,TRUE
59,FALSE,FALSE,26,206,390190,BANGOR_AREA_SENIOR_HIGH,460,510,,FALSE,251.3270376,PA,0,970,,970,TRUE
60,TRUE,FALSE,43,119,391580,GREENVILLE_SENIOR_HIGH,560,580,24,FALSE,69.75279523,PA,0,1140,1110,1140,TRUE
64,TRUE,FALSE,4,187,392095,LAMPETER_STRASBURG_HIGH,600,590,,FALSE,195.839526,PA,1,1190,,1190,TRUE
66,TRUE,FALSE,26,111,395355,WINDBER_AREA_HIGH_SCHOO,490,510,,FALSE,61.10879099,PA,2,1000,,1000,TRUE
70,TRUE,FALSE,19,51,391148,NOTRE_DAME_HIGH_SCHOOL,670,650,,FALSE,249.5444291,PA,0,1320,,1320,TRUE
75,TRUE,TRUE,60,311,393707,UPPER_SAINT_CLAIR_HIGH,730,640,,TRUE,10.13672876,PA,1,1370,,1370,TRUE
79,FALSE,FALSE,111,252,390675,ABINGTON_HEIGHTS_HIGH_S,560,500,,FALSE,233.340629,PA,0,1060,,1060,TRUE
84,FALSE,FALSE,26,276,394442,SCRANTON_HIGH_SCHOOL,530,620,,FALSE,233.5258601,PA,0,1150,,1150,TRUE
85,FALSE,FALSE,78,223,393655,CENTRAL_CATHOLIC_HIGH_S,670,480,,FALSE,8.756275362,PA,1,1150,,1150,TRUE
87,TRUE,FALSE,11,136,395395,WYALUSING_VALLEY_JR_SR,420,520,23,FALSE,216.037177,PA,0,940,1070,1070,TRUE
89,FALSE,FALSE,178,576,391290,MCDOWELL_HIGH_SCHOOL,560,530,,FALSE,113.204605,PA,0,1090,,1090,TRUE
90,FALSE,FALSE,,,390295,CONESTOGA_HIGH_SCHOOL,620,530,,FALSE,237.7005301,PA,0,1150,,1150,TRUE
94,FALSE,FALSE,18,200,391512,PINE_RICHLAND_HIGH_SCHO,500,650,,FALSE,12.5667003,PA,0,1150,,1150,TRUE
95,FALSE,FALSE,60,155,231795,GROSSE_ILE_HIGH_SCHOOL,540,570,26,FALSE,203.2777495,MI,4,1110,1190,1190,FALSE
97,TRUE,FALSE,124,349,392708,GATEWAY_SENIOR_HIGH_SCH,540,510,,FALSE,10.1671665,PA,0,1050,,1050,TRUE
98,TRUE,FALSE,84,360,390455,PLEASANT_VALLEY_HIGH_SC,580,530,,FALSE,242.4252016,PA,0,1110,,1110,TRUE
99,TRUE,TRUE,,,311277,W_WINDSOR_PLAINSBORO_HS,630,600,,TRUE,281.543507,NJ,0,1230,,1230,FALSE
100,TRUE,FALSE,142,304,391670,PENN_TRAFFORD_HIGH_SCHO,600,540,,FALSE,11.24933325,PA,0,1140,,1140,TRUE
102,TRUE,FALSE,82,453,393763,PENN_HILLS_SENIOR_HIGH,490,540,,FALSE,6.812531884,PA,0,1030,,1030,TRUE
103,FALSE,TRUE,72,906,392985,COUNCIL_ROCK_HIGH_SCHOO,710,640,,TRUE,267.4487889,PA,0,1350,,1350,TRUE
104,FALSE,FALSE,,,394310,SHANNOCK_VALLEY_SR_HIGH,580,580,,FALSE,41.86520288,PA,0,1160,,1160,TRUE
112,FALSE,FALSE,63,380,393752,NORTH_HILLS_HIGH_SCHOOL,470,460,18,FALSE,4.070164701,PA,0,930,870,930,TRUE
115,TRUE,FALSE,,,395000,ACADEMY_OF_NOTRE_DAME_D,460,570,,FALSE,247.3883855,PA,0,1030,,1030,TRUE
116,FALSE,FALSE,58,156,393343,WILLIAM_W_BODINE_HS_INT,500,570,,FALSE,254.0206333,PA,0,1070,,1070,TRUE
119,TRUE,FALSE,43,205,390190,BANGOR_AREA_SENIOR_HIGH,520,540,,FALSE,251.3270376,PA,1,1060,,1060,TRUE
123,FALSE,FALSE,137,576,391290,MCDOWELL_HIGH_SCHOOL,450,500,,FALSE,114.9026594,PA,2,950,,950,TRUE
130,FALSE,FALSE,200,514,391250,EMMAUS_HIGH_SCHOOL,560,530,,FALSE,236.2908789,PA,0,1090,,1090,TRUE
134,FALSE,FALSE,78,206,390830,SOUTHERN_LEHIGH_HIGH_SC,630,670,,FALSE,240.245104,PA,0,1300,,1300,TRUE
137,FALSE,FALSE,50,540,393125,PARKLAND_HIGH_SCHOOL,540,560,,FALSE,234.7754968,PA,0,1100,,1100,TRUE
143,FALSE,FALSE,160,312,390855,CEDAR_CREST_HIGH_SCHOOL,490,510,,FALSE,186.0354422,PA,0,1000,,1000,TRUE
144,FALSE,FALSE,40,83,310065,HOLY_FAMILY_ACADEMY,560,540,,FALSE,307.001007,NJ,0,1100,,1100,FALSE
147,TRUE,FALSE,89,516,393125,PARKLAND_HIGH_SCHOOL,580,560,,FALSE,233.2633274,PA,0,1140,,1140,TRUE
148,FALSE,FALSE,41,345,390322,FREEDOM_HIGH_SCHOOL,560,580,,FALSE,240.1140982,PA,0,1140,,1140,TRUE
149,FALSE,TRUE,34,247,310402,RAMAPO_HIGH_SCHOOL,560,620,,FALSE,305.8078698,NJ,0,1180,,1180,FALSE
152,FALSE,FALSE,79,206,390830,SOUTHERN_LEHIGH_HIGH_SC,570,600,,FALSE,240.7166523,PA,0,1170,,1170,TRUE
167,FALSE,TRUE,,,393745,NORTH_ALLEGHENY_SR_HIGH,700,770,,TRUE,8.618491185,PA,0,1470,,1470,TRUE
168,TRUE,FALSE,90,281,391053,DUBOIS_AREA_SENIOR_HIGH,610,560,,FALSE,78.6681853,PA,1,1170,,1170,TRUE
169,FALSE,FALSE,101,383,391645,CENTRAL_DAUPHIN_HIGH_SC,640,540,,FALSE,166.8008342,PA,0,1180,,1180,TRUE
170,FALSE,FALSE,,,110797,WOODWARD_ACADEMY,590,600,,FALSE,517.3355326,GA,0,1190,,1190,FALSE
176,TRUE,FALSE,112,528,390325,LIBERTY_HIGH_SCHOOL,490,550,,FALSE,240.1140982,PA,0,1040,,1040,TRUE
177,FALSE,TRUE,29,825,392155,NORTH_PENN_HIGH_SCHOOL,640,610,,TRUE,248.1952847,PA,0,1250,,1250,TRUE
181,FALSE,FALSE,9,127,391080,DUNMORE_JR_SR_HIGH_SCHO,560,550,,FALSE,236.2950125,PA,0,1110,,1110,TRUE
189,FALSE,TRUE,10,159,393100,OLEY_VALLEY_HIGH_SCHOOL,720,650,,TRUE,215.4355511,PA,0,1370,,1370,TRUE
190,FALSE,FALSE,15,247,393680,KEYSTONE_OAKS_HIGH_SCHO,520,510,,FALSE,5.410749193,PA,1,1030,,1030,TRUE
197,TRUE,FALSE,203,683,395415,PENNSBURY_HIGH_SCHOOL,530,540,,FALSE,271.074384,PA,0,1070,,1070,TRUE
202,TRUE,FALSE,62,304,391670,PENN_TRAFFORD_HIGH_SCHO,630,430,,FALSE,15.28384649,PA,2,1060,,1060,TRUE
205,FALSE,FALSE,108,420,393630,BALDWIN_HIGH_SCHOOL,540,510,,FALSE,6.913734612,PA,0,1050,,1050,TRUE
207,TRUE,FALSE,172,358,393772,PLUM_SENIOR_HIGH_SCHOOL,660,570,,FALSE,11.81043176,PA,2,1230,,1230,TRUE
214,TRUE,FALSE,30,593,390500,BUTLER_AREA_SR_HIGH_SCH,560,600,,FALSE,29.0664288,PA,2,1160,,1160,TRUE
215,FALSE,FALSE,,,310283,EAST_BRUNSWICK_HIGH_SCH,610,550,,FALSE,292.0481602,NJ,0,1160,,1160,FALSE
220,TRUE,TRUE,28,553,391290,MCDOWELL_HIGH_SCHOOL,550,560,27,FALSE,113.0800516,PA,0,1110,1220,1220,TRUE
225,TRUE,FALSE,18,244,392635,DELAWARE_VALLEY_HIGH_SC,610,580,,FALSE,272.0869766,PA,0,1190,,1190,TRUE
226,TRUE,FALSE,168,296,390105,LOWER_MERION_HIGH_SCHOO,530,480,,FALSE,250.2772397,PA,1,1010,,1010,TRUE
227,TRUE,FALSE,174,296,390105,LOWER_MERION_HIGH_SCHOO,620,510,,FALSE,248.9628406,PA,0,1130,,1130,TRUE
228,FALSE,FALSE,20,114,393140,PALMERTON_AREA_HIGH_SCH,580,570,,FALSE,224.5701086,PA,0,1150,,1150,TRUE
229,FALSE,FALSE,,,210839,WINSTON_CHURCHILL_HIGH,560,470,,FALSE,176.1391107,MD,0,1030,,1030,FALSE
233,TRUE,FALSE,57,211,395270,JAMES_M_COUGHLIN_HIGH_S,610,490,,FALSE,239.36715,PA,0,1100,,1100,TRUE
236,FALSE,FALSE,56,252,395417,PITTSTON_AREA_SR_HIGH_S,540,580,,FALSE,226.0736132,PA,0,1120,,1120,TRUE
237,FALSE,FALSE,,,332493,HALF_HOLLOW_HILLS_HS_EA,530,660,22,FALSE,346.2607102,NY,0,1190,1030,1190,FALSE
241,FALSE,FALSE,56,275,331128,WEST_SENECA_EAST_SR_HIG,650,640,,FALSE,176.7870499,NY,1,1290,,1290,FALSE
244,FALSE,TRUE,73,400,334270,OCEANSIDE_HIGH_SCHOOL,650,520,,FALSE,332.2423827,NY,0,1170,,1170,FALSE
245,FALSE,FALSE,4,75,390815,GEIBEL_CATHOLIC_HIGH_SC,530,550,,FALSE,42.23102757,PA,0,1080,,1080,TRUE
248,FALSE,FALSE,152,296,390105,LOWER_MERION_HIGH_SCHOO,600,480,,FALSE,248.9628406,PA,0,1080,,1080,TRUE
250,TRUE,TRUE,7,227,391822,HONESDALE_HIGH_SCHOOL,620,640,,TRUE,257.6239748,PA,0,1260,,1260,TRUE
251,TRUE,TRUE,20,200,394133,RADNOR_HIGH_SCHOOL,620,670,,TRUE,245.9193909,PA,0,1290,,1290,TRUE
252,FALSE,FALSE,26,501,393275,CENTRAL_HIGH_SCHOOL,530,630,,FALSE,254.0206333,PA,0,1160,,1160,TRUE
255,FALSE,FALSE,,,210597,ELEANOR_ROOSEVELT_HIGH,490,490,,FALSE,193.9635798,MD,0,980,,980,FALSE
259,TRUE,TRUE,,,210909,THOMAS_SPRIGG_WOOTTON_H,670,560,,TRUE,171.2070719,MD,1,1230,,1230,FALSE
260,FALSE,FALSE,115,611,390500,BUTLER_AREA_SR_HIGH_SCH,560,580,23,FALSE,29.0664288,PA,1,1140,1070,1140,TRUE
261,FALSE,FALSE,271,507,310763,SHAWNEE_HIGH_SCHOOL,600,540,,FALSE,280.0092624,NJ,1,1140,,1140,FALSE
263,TRUE,FALSE,72,386,395168,WEST_CHESTER_CHRISTIAN,560,560,26,FALSE,232.3633823,PA,0,1120,1190,1190,TRUE
266,FALSE,FALSE,30,212,395396,BISHOP_MCDEVITT_HIGH_SC,530,540,,FALSE,254.0206333,PA,0,1070,,1070,TRUE
271,FALSE,FALSE,,,394133,RADNOR_HIGH_SCHOOL,620,530,,FALSE,245.9193909,PA,0,1150,,1150,TRUE
272,FALSE,FALSE,,,390295,CONESTOGA_HIGH_SCHOOL,590,560,,FALSE,235.1172132,PA,0,1150,,1150,TRUE
280,TRUE,FALSE,55,262,395060,TRINITY_HIGH_SCHOOL,530,570,22,FALSE,24.63828747,PA,1,1100,1030,1100,TRUE
283,TRUE,FALSE,48,219,390045,HAMPTON_HIGH_SCHOOL,610,700,,FALSE,6.507271702,PA,2,1310,,1310,TRUE
286,FALSE,TRUE,13,617,394965,UPPER_DARBY_HIGH_SCHOOL,680,670,,TRUE,249.8259667,PA,0,1350,,1350,TRUE
287,FALSE,FALSE,84,176,310050,RIDGE_HIGH_SCHOOL,590,530,,FALSE,283.8740917,NJ,0,1120,,1120,FALSE
288,FALSE,TRUE,29,435,310417,EASTERN_SENIOR_HIGH_SCH,710,620,,TRUE,266.9649569,NJ,0,1330,,1330,FALSE
289,FALSE,FALSE,,,393480,SAINT_JOSEPHS_PREPARATO,580,550,,FALSE,250.2227817,PA,0,1130,,1130,TRUE
290,FALSE,FALSE,,,395000,ACADEMY_OF_NOTRE_DAME_D,520,530,,FALSE,248.0733471,PA,0,1050,,1050,TRUE
292,TRUE,FALSE,52,254,395180,AVON_GROVE_HIGH_SCHOOL,630,470,,FALSE,225.6581652,PA,0,1100,,1100,TRUE
295,FALSE,TRUE,30,617,394965,UPPER_DARBY_HIGH_SCHOOL,590,650,,TRUE,249.8259667,PA,0,1240,,1240,TRUE
300,FALSE,TRUE,28,233,393445,ROXBOROUGH_HIGH_SCHOOL,540,480,,FALSE,252.02881,PA,0,1020,,1020,TRUE
307,FALSE,TRUE,41,623,233696,EISENHOWER_SENIOR_HIGH,620,530,23,FALSE,223.2052328,MI,0,1150,1070,1150,FALSE
311,TRUE,TRUE,,,333480,BRONX_HIGH_SCHOOL_OF_SC,670,650,,TRUE,328.7238314,NY,0,1320,,1320,FALSE
313,FALSE,FALSE,9,384,390455,PLEASANT_VALLEY_HIGH_SC,580,510,,FALSE,238.8074018,PA,0,1090,,1090,TRUE
319,TRUE,TRUE,5,81,392060,KEYSTONE_JR_SR_HIGH_SCH,670,530,,TRUE,58.61088748,PA,0,1200,,1200,TRUE
320,FALSE,TRUE,,,391470,MINING_AND_MECHANICAL_I,580,630,26,TRUE,218.9774169,PA,0,1210,1190,1210,TRUE
321,FALSE,TRUE,55,304,112010,WHEELER_HIGH_SCHOOL,610,700,,TRUE,253.6486051,PA,1,1310,,1310,TRUE
323,FALSE,FALSE,,,335913,CLARKSTOWN_HIGH_SCHOOL,560,600,,FALSE,315.7128057,NY,0,1160,,1160,FALSE
326,TRUE,FALSE,,,393745,NORTH_ALLEGHENY_SR_HIGH,620,610,,FALSE,8.618491185,PA,0,1230,,1230,TRUE
328,FALSE,TRUE,,,392998,DELAWARE_COUNTY_CHRISTI,680,700,,TRUE,246.3984105,PA,0,1380,,1380,TRUE
331,TRUE,FALSE,33,134,391810,STEEL_VALLEY_SR_HIGH_SC,500,440,,FALSE,4.329374904,PA,0,940,,940,TRUE
338,TRUE,FALSE,9,187,392095,LAMPETER_STRASBURG_HIGH,640,520,,FALSE,201.7979543,PA,0,1160,,1160,TRUE
339,TRUE,FALSE,52,286,391785,WHITEHALL_HIGH_SCHOOL,570,570,,FALSE,234.7754968,PA,1,1140,,1140,TRUE
347,FALSE,FALSE,54,200,391512,PINE_RICHLAND_HIGH_SCHO,450,580,22,FALSE,12.5667003,PA,0,1030,1030,1030,TRUE
348,FALSE,FALSE,53,276,392705,RINGGOLD_HIGH_SCHOOL,540,620,,FALSE,17.36587682,PA,1,1160,,1160,TRUE
349,FALSE,FALSE,57,371,393280,CHELTENHAM_TOWNSHIP_HIG,580,570,,FALSE,248.0733471,PA,1,1150,,1150,TRUE
358,FALSE,TRUE,1,526,362792,KETTERING_FAIRMONT_HIGH,640,650,,TRUE,226.7439582,OH,0,1290,,1290,FALSE
361,TRUE,FALSE,50,159,311578,JAMES_CALDWELL_HIGH_SCH,560,570,,FALSE,299.2435349,NJ,0,1130,,1130,FALSE
363,FALSE,FALSE,72,282,392835,FRANKLIN_REGIONAL_SR_HI,520,530,,FALSE,20.01222515,PA,0,1050,,1050,TRUE
364,FALSE,FALSE,11,173,394500,HICKORY_HIGH_SCHOOL,660,510,25,FALSE,60.48495153,PA,0,1170,1150,1170,TRUE
365,FALSE,FALSE,76,351,393772,PLUM_SENIOR_HIGH_SCHOOL,610,500,,FALSE,14.25052443,PA,2,1110,,1110,TRUE
366,FALSE,TRUE,,,334775,BRIGHTON_HIGH_SCHOOL,660,610,,FALSE,222.2875753,NY,0,1270,,1270,FALSE
368,TRUE,FALSE,37,247,394715,STROUDSBURG_HIGH_SCHOOL,640,590,,FALSE,253.8676536,PA,0,1230,,1230,TRUE
370,FALSE,FALSE,,,331770,BUFFALO_ACAD_OF_SACRED,540,550,20,FALSE,184.0947041,NY,0,1090,950,1090,FALSE
372,FALSE,FALSE,,,391915,ABINGTON_FRIENDS_SCHOOL,690,630,,FALSE,256.2965027,PA,0,1320,,1320,TRUE
375,FALSE,FALSE,87,276,392705,RINGGOLD_HIGH_SCHOOL,500,470,,FALSE,17.36587682,PA,0,970,,970,TRUE
378,TRUE,FALSE,157,451,392140,HEMPFIELD_HIGH_SCHOOL,510,570,,FALSE,188.4140206,PA,1,1080,,1080,TRUE
381,FALSE,FALSE,194,424,310223,CHERRY_HILL_HIGH_SCHOOL,530,550,,FALSE,266.2849411,NJ,0,1080,,1080,FALSE
383,TRUE,FALSE,96,217,390025,ALLENTOWN_CENTRAL_CATHO,610,490,,FALSE,240.245104,PA,0,1100,,1100,TRUE
384,TRUE,FALSE,64,307,390930,DALLASTOWN_AREA_HIGH_SC,640,560,23,FALSE,178.9122882,PA,0,1200,1070,1200,TRUE
390,FALSE,FALSE,88,257,393925,TAYLOR_ALLDERDICE_HIGH,460,480,,FALSE,1.754598235,PA,0,940,,940,TRUE
396,FALSE,FALSE,53,258,392765,NORTH_POCONO_HIGH_SCHOO,570,530,,FALSE,239.36715,PA,0,1100,,1100,TRUE
397,TRUE,FALSE,59,131,395275,BISHOP_HOBAN_HIGH_SCHOO,,,23,FALSE,215.7047792,PA,0,,1070,1070,TRUE
400,FALSE,FALSE,65,207,391545,SUSQUEHANNOCK_HIGH_SCHO,550,570,,FALSE,175.7042743,PA,0,1120,,1120,TRUE
404,FALSE,FALSE,59,215,390655,THOMAS_JEFFERSON_HIGH_S,560,490,,FALSE,6.913734612,PA,1,1050,,1050,TRUE
407,FALSE,FALSE,245,825,392155,NORTH_PENN_HIGH_SCHOOL,610,530,,FALSE,246.0145418,PA,0,1140,,1140,TRUE
408,FALSE,TRUE,,,393745,NORTH_ALLEGHENY_SR_HIGH,610,590,29,FALSE,13.01094933,PA,0,1200,1300,1300,TRUE
409,FALSE,FALSE,130,594,394756,POCONO_MOUNTAIN_HIGH_SC,660,600,,FALSE,249.5444291,PA,0,1260,,1260,TRUE
410,FALSE,FALSE,32,347,394120,QUAKERTOWN_COMMUNITY_SR,590,510,,FALSE,242.3291052,PA,0,1100,,1100,TRUE
414,FALSE,FALSE,33,131,391975,WESTMONT_HILLTOP_SR_HIG,600,610,,FALSE,54.1273663,PA,0,1210,,1210,TRUE
417,TRUE,FALSE,71,281,392835,FRANKLIN_REGIONAL_SR_HI,620,520,,FALSE,14.22894645,PA,0,1140,,1140,TRUE
420,FALSE,FALSE,286,716,391576,HEMPFIELD_AREA_SR_HIGH,680,570,,FALSE,23.67039517,PA,1,1250,,1250,TRUE
421,FALSE,TRUE,1,78,392925,UNION_AREA_MIDDLE_HIGH,630,630,27,TRUE,42.86257556,PA,0,1260,1220,1260,TRUE
422,FALSE,TRUE,20,476,392140,HEMPFIELD_HIGH_SCHOOL,680,660,,TRUE,193.5231707,PA,0,1340,,1340,TRUE
423,FALSE,FALSE,36,484,390020,WILLIAM_ALLEN_HIGH_SCHO,570,560,,FALSE,236.2908789,PA,0,1130,,1130,TRUE
427,FALSE,FALSE,69,253,331385,CLARENCE_CENTRAL_HIGH_S,500,570,25,FALSE,188.6093544,NY,0,1070,1150,1150,FALSE
430,TRUE,FALSE,283,683,395415,PENNSBURY_HIGH_SCHOOL,630,520,,FALSE,271.074384,PA,0,1150,,1150,TRUE
434,TRUE,FALSE,32,244,392635,DELAWARE_VALLEY_HIGH_SC,520,610,,FALSE,272.0869766,PA,0,1130,,1130,TRUE
435,FALSE,TRUE,36,617,394965,UPPER_DARBY_HIGH_SCHOOL,670,660,,TRUE,249.8259667,PA,0,1330,,1330,TRUE
437,TRUE,FALSE,46,195,395162,BISHOP_SHANAHAN_HIGH_SC,470,430,19,FALSE,225.6331378,PA,0,900,910,910,TRUE
442,TRUE,FALSE,,,393745,NORTH_ALLEGHENY_SR_HIGH,580,600,,FALSE,8.618491185,PA,0,1180,,1180,TRUE
445,TRUE,FALSE,27,456,391550,SHALER_AREA_HIGH_SCHOOL,610,580,,FALSE,6.507271702,PA,0,1190,,1190,TRUE
448,FALSE,TRUE,8,245,390042,HOPEWELL_SENIOR_HIGH_SC,730,630,,TRUE,20.47997461,PA,1,1360,,1360,TRUE
450,FALSE,FALSE,177,429,310367,MANALAPAN_HIGH_SCHOOL,690,650,,FALSE,296.4543476,NJ,0,1340,,1340,FALSE
452,FALSE,FALSE,215,713,392145,NESHAMINY_HIGH_SCHOOL,520,510,,FALSE,262.9794712,PA,0,1030,,1030,TRUE
453,TRUE,TRUE,28,245,390042,HOPEWELL_SENIOR_HIGH_SC,590,650,,TRUE,20.47997461,PA,2,1240,,1240,TRUE
454,FALSE,TRUE,,,390295,CONESTOGA_HIGH_SCHOOL,700,580,,TRUE,241.6566058,PA,0,1280,,1280,TRUE
459,FALSE,FALSE,,,310283,EAST_BRUNSWICK_HIGH_SCH,620,520,,FALSE,292.0481602,NJ,0,1140,,1140,FALSE
461,FALSE,TRUE,47,295,395032,ARCHBISHOP_WOOD_HIGH_SC,690,620,,FALSE,256.4030779,PA,0,1310,,1310,TRUE
462,TRUE,FALSE,139,371,395164,EAST_SENIOR_HIGH_SCHOOL,490,540,,FALSE,233.2487987,PA,0,1030,,1030,TRUE
468,FALSE,FALSE,32,413,393659,WOODLAND_HILLS_HIGH_SCH,550,470,,FALSE,7.321333713,PA,0,1020,,1020,TRUE
471,TRUE,FALSE,66,207,393145,PALMYRA_AREA_HIGH_SCHOO,610,570,,FALSE,177.6351728,PA,0,1180,,1180,TRUE
474,FALSE,FALSE,,,393745,NORTH_ALLEGHENY_SR_HIGH,610,460,,FALSE,13.01094933,PA,0,1070,,1070,TRUE
479,FALSE,FALSE,44,642,393323,GEORGE_WASHINGTON_HIGH,530,520,,FALSE,261.3467737,PA,1,1050,,1050,TRUE
483,FALSE,FALSE,119,611,390500,BUTLER_AREA_SR_HIGH_SCH,540,550,,FALSE,29.0664288,PA,0,1090,,1090,TRUE
484,FALSE,FALSE,,,335435,SUFFERN_HIGH_SCHOOL,600,510,,FALSE,308.8534258,NY,0,1110,,1110,FALSE
485,FALSE,FALSE,,,393901,SHADY_SIDE_ACADEMY,640,580,,FALSE,6.385729053,PA,0,1220,,1220,TRUE
486,FALSE,FALSE,24,192,392958,BURRELL_HIGH_SCHOOL,520,540,,FALSE,14.25052443,PA,1,1060,,1060,TRUE
489,FALSE,TRUE,37,209,310868,CLEARVIEW_REGIONAL_HIGH,560,600,,FALSE,256.1033011,NJ,0,1160,,1160,FALSE
490,TRUE,FALSE,23,112,391905,JEANNETTE_SENIOR_HIGH_S,440,510,,FALSE,19.58003598,PA,1,950,,950,TRUE
491,TRUE,TRUE,77,408,100440,SATELLITE_HIGH_SCHOOL,690,630,,TRUE,847.5042919,FL,0,1320,,1320,FALSE
492,FALSE,FALSE,,,390295,CONESTOGA_HIGH_SCHOOL,580,510,,FALSE,237.7005301,PA,0,1090,,1090,TRUE
495,TRUE,FALSE,154,451,392140,HEMPFIELD_HIGH_SCHOOL,610,490,,FALSE,193.5231707,PA,0,1100,,1100,TRUE
496,FALSE,FALSE,111,290,390065,WISSAHICKON_HIGH_SCHOOL,600,490,,FALSE,251.1207056,PA,0,1090,,1090,TRUE
497,FALSE,FALSE,34,346,394040,PLYMOUTH_WHITEMARSH_HIG,530,520,,FALSE,248.9494951,PA,1,1050,,1050,TRUE
500,FALSE,TRUE,,,210597,ELEANOR_ROOSEVELT_HIGH,710,500,,TRUE,198.0172315,MD,0,1210,,1210,FALSE
511,FALSE,FALSE,39,506,393205,ABRAHAM_LINCOLN_HIGH_SC,560,430,,FALSE,251.7691714,PA,0,990,,990,TRUE
512,FALSE,TRUE,,,50718,CUPERTINO_HIGH_SCHOOL,670,660,,TRUE,2254.957811,CA,0,1330,,1330,FALSE
513,FALSE,FALSE,117,906,392985,COUNCIL_ROCK_HIGH_SCHOO,640,650,,TRUE,261.540521,PA,0,1290,,1290,TRUE
515,FALSE,TRUE,,,393745,NORTH_ALLEGHENY_SR_HIGH,590,620,,FALSE,13.01094933,PA,3,1210,,1210,TRUE
517,TRUE,FALSE,37,249,472176,POTOMAC_FALLS_HIGH_SCHO,530,480,,FALSE,187.8269685,DC,0,1010,,1010,FALSE
518,FALSE,FALSE,157,310,392865,MANHEIM_TOWNSHIP_HIGH_S,570,530,,FALSE,193.7816274,PA,0,1100,,1100,TRUE
523,TRUE,FALSE,47,193,391755,YOUGH_SENIOR_HIGH_SCHOO,550,530,,FALSE,16.58961694,PA,1,1080,,1080,TRUE
524,FALSE,FALSE,,,210564,QUINCE_ORCHARD_HIGH_SCH,560,620,,FALSE,167.6357575,MD,0,1180,,1180,FALSE
531,TRUE,FALSE,21,52,392205,LEECHBURG_AREA_HIGH_SCH,510,560,,FALSE,21.97335918,PA,0,1070,,1070,TRUE
533,FALSE,FALSE,30,259,395180,AVON_GROVE_HIGH_SCHOOL,610,520,,FALSE,225.6581652,PA,1,1130,,1130,TRUE
537,FALSE,FALSE,8,74,392645,MILLERSBURG_AREA_HIGH_S,610,580,,FALSE,159.2416208,PA,0,1190,,1190,TRUE
538,FALSE,FALSE,25,457,391550,SHALER_AREA_HIGH_SCHOOL,610,540,,FALSE,6.507271702,PA,1,1150,,1150,TRUE
542,TRUE,FALSE,,,393730,MOUNT_LEBANON_HIGH_SCHO,600,600,,FALSE,6.850591549,PA,1,1200,,1200,TRUE
544,FALSE,FALSE,67,239,393268,CARDINAL_DOUGHERTY_HIGH,520,520,,FALSE,256.7355482,PA,0,1040,,1040,TRUE
553,FALSE,FALSE,,,394365,KISKI_SCHOOL,630,570,,FALSE,14.22894645,PA,1,1200,,1200,TRUE
556,TRUE,TRUE,30,306,391795,HOLLIDAYSBURG_AREA_SR_H,740,600,,TRUE,83.48262647,PA,0,1340,,1340,TRUE
563,FALSE,FALSE,61,167,393163,CAMBRIA_HEIGHTS_HIGH_SC,490,520,,FALSE,67.54338368,PA,0,1010,,1010,TRUE
568,TRUE,FALSE,53,163,394500,HICKORY_HIGH_SCHOOL,520,560,,FALSE,60.48495153,PA,0,1080,,1080,TRUE
569,TRUE,FALSE,15,99,391400,FORD_CITY_JR_SR_HIGH_SC,580,510,,FALSE,30.90336921,PA,0,1090,,1090,TRUE
571,FALSE,FALSE,70,311,391646,CENTRAL_DAUPHIN_EAST_SR,520,530,,FALSE,167.0392271,PA,0,1050,,1050,TRUE
574,FALSE,FALSE,,,392363,GREAT_VALLEY_HIGH_SCHOO,560,600,27,FALSE,235.1172132,PA,0,1160,1220,1220,TRUE
576,TRUE,FALSE,183,479,472293,KEMPSVILLE_HIGH_SCHOOL,580,550,,FALSE,324.4276628,VA,0,1130,,1130,FALSE
577,FALSE,FALSE,,,393620,FOX_CHAPEL_AREA_HIGH_SC,580,600,,FALSE,6.385729053,PA,1,1180,,1180,TRUE
578,FALSE,FALSE,36,270,390620,CHESTER_HIGH_SCHOOL,530,470,,FALSE,245.579313,PA,0,1000,,1000,TRUE
579,FALSE,TRUE,,,331770,BUFFALO_ACAD_OF_SACRED,640,620,26,TRUE,184.4506536,NY,0,1260,1190,1260,FALSE
581,TRUE,FALSE,15,206,392275,SOUTH_PARK_HIGH_SCHOOL,510,620,,FALSE,10.7661395,PA,0,1130,,1130,TRUE
583,TRUE,TRUE,87,597,393745,NORTH_ALLEGHENY_SR_HIGH,700,590,27,FALSE,8.618491185,PA,0,1290,1220,1290,TRUE
585,FALSE,FALSE,109,601,393244,ARCHBISHOP_RYAN_HIGH_SC,510,480,,FALSE,263.7586802,PA,0,990,,990,TRUE
587,FALSE,FALSE,177,713,392145,NESHAMINY_HIGH_SCHOOL,630,500,,FALSE,266.4225894,PA,0,1130,,1130,TRUE
593,FALSE,FALSE,199,419,310223,CHERRY_HILL_HIGH_SCHOOL,630,540,,FALSE,266.2849411,NJ,1,1170,,1170,FALSE
594,FALSE,TRUE,14,150,390615,CHARLEROI_AREA_HIGH_SCH,560,710,,TRUE,21.05919461,PA,0,1270,,1270,TRUE
598,FALSE,TRUE,91,419,310223,CHERRY_HILL_HIGH_SCHOOL,640,720,,TRUE,266.2849411,NJ,0,1360,,1360,FALSE
602,FALSE,FALSE,53,156,392380,NORTHEASTERN_SR_HIGH_SC,510,520,,FALSE,171.9902451,PA,0,1030,,1030,TRUE
606,FALSE,FALSE,160,617,394965,UPPER_DARBY_HIGH_SCHOOL,530,520,,FALSE,248.0733471,PA,0,1050,,1050,TRUE
607,FALSE,TRUE,4,209,391030,DOVER_AREA_HIGH_SCHOOL,640,630,,TRUE,166.1075773,PA,0,1270,,1270,TRUE
610,TRUE,FALSE,68,291,391785,WHITEHALL_HIGH_SCHOOL,590,570,24,FALSE,233.6511933,PA,0,1160,1110,1160,TRUE
611,TRUE,FALSE,80,208,393580,PHOENIXVILLE_AREA_HIGH,640,660,,FALSE,234.6095842,PA,1,1300,,1300,TRUE
620,FALSE,FALSE,16,294,391650,HARRISBURG_HIGH_SCHOOL,570,590,,FALSE,163.6392039,PA,0,1160,,1160,TRUE
622,TRUE,TRUE,7,268,395060,TRINITY_HIGH_SCHOOL,610,630,28,TRUE,29.30973504,PA,0,1240,1260,1260,TRUE
624,TRUE,TRUE,49,376,395170,B_REED_HENDERSON_HIGH_S,680,620,,TRUE,233.2487987,PA,0,1300,,1300,TRUE
625,FALSE,FALSE,194,350,392708,GATEWAY_SENIOR_HIGH_SCH,510,500,22,FALSE,10.1671665,PA,0,1010,1030,1030,TRUE
630,TRUE,TRUE,171,906,392145,NESHAMINY_HIGH_SCHOOL,660,660,,TRUE,264.5120607,PA,0,1320,,1320,TRUE
631,FALSE,TRUE,43,257,393895,SCHENLEY_HIGH_SCH_TEACH,540,530,,FALSE,2.540615156,PA,1,1070,,1070,TRUE
632,FALSE,TRUE,53,501,310752,MARLBORO_HIGH_SCHOOL,670,760,,TRUE,299.9160666,NJ,0,1430,,1430,FALSE
635,FALSE,FALSE,134,441,392545,CUMBERLAND_VALLEY_HIGH,540,510,,FALSE,156.8703515,PA,0,1050,,1050,TRUE
636,FALSE,FALSE,6,376,391645,CENTRAL_DAUPHIN_HIGH_SC,570,580,,FALSE,166.8008342,PA,0,1150,,1150,TRUE
638,FALSE,FALSE,96,242,392015,UPPER_MERION_AREA_HIGH,600,520,,FALSE,244.6244705,PA,0,1120,,1120,TRUE
651,FALSE,FALSE,17,87,393640,NORTHGATE_HIGH_SCHOOL,470,410,23,FALSE,7.137317804,PA,1,880,1070,1070,TRUE
658,FALSE,TRUE,5,117,310110,NORTH_WARREN_REG_HIGH_S,730,710,,TRUE,264.0810623,NJ,0,1440,,1440,FALSE
667,FALSE,TRUE,9,157,392100,LANCASTER_CATHOLIC_HIGH,640,560,26,TRUE,193.7816274,PA,0,1200,1190,1200,TRUE
671,FALSE,FALSE,75,209,491345,WEIR_HIGH_SCHOOL,540,540,,FALSE,103.4620814,PA,0,1080,,1080,TRUE
675,FALSE,FALSE,93,483,311458,TOMS_RIVER_HIGH_SCHOOL,600,530,,FALSE,307.9110324,NJ,0,1130,,1130,FALSE
681,FALSE,TRUE,,,365054,SAINT_JOHN'S_JESUIT_HIG,740,780,33,TRUE,204.5833521,OH,0,1520,1460,1520,FALSE
686,FALSE,FALSE,8,223,393655,CENTRAL_CATHOLIC_HIGH_S,590,550,20,FALSE,6.812531884,PA,0,1140,950,1140,TRUE
691,FALSE,FALSE,114,713,392145,NESHAMINY_HIGH_SCHOOL,590,500,,FALSE,266.4225894,PA,0,1090,,1090,TRUE
693,FALSE,FALSE,76,259,395180,AVON_GROVE_HIGH_SCHOOL,560,510,,FALSE,221.8641498,PA,0,1070,,1070,TRUE
697,TRUE,FALSE,39,151,392100,LANCASTER_CATHOLIC_HIGH,500,560,,FALSE,193.5231707,PA,0,1060,,1060,TRUE
706,TRUE,FALSE,65,450,390810,CONNELLSVILLE_AREA_SR_H,510,530,,FALSE,34.83462475,PA,2,1040,,1040,TRUE
712,FALSE,FALSE,,,394133,RADNOR_HIGH_SCHOOL,560,540,,FALSE,241.6566058,PA,0,1100,,1100,TRUE
714,FALSE,FALSE,153,397,392270,BETHEL_PARK_SR_HIGH_SCH,520,560,24,FALSE,9.607664132,PA,0,1080,1110,1110,TRUE
715,FALSE,FALSE,,,393620,FOX_CHAPEL_AREA_HIGH_SC,550,470,,FALSE,6.385729053,PA,3,1020,,1020,TRUE
716,FALSE,FALSE,184,435,393730,MOUNT_LEBANON_HIGH_SCHO,470,550,,FALSE,7.875109633,PA,2,1020,,1020,TRUE
733,FALSE,FALSE,,,393745,NORTH_ALLEGHENY_SR_HIGH,640,540,,FALSE,8.618491185,PA,1,1180,,1180,TRUE
737,FALSE,FALSE,107,471,220842,FRAMINGHAM_HIGH_SCHOOL,740,660,,FALSE,460.7443141,MA,0,1400,,1400,FALSE
738,FALSE,FALSE,79,327,331850,UNION_ENDICOTT_HIGH_SCH,610,590,,FALSE,233.1966765,NY,0,1200,,1200,FALSE
741,FALSE,TRUE,41,617,394965,UPPER_DARBY_HIGH_SCHOOL,660,650,,TRUE,249.8259667,PA,0,1310,,1310,TRUE
753,FALSE,FALSE,,,311277,W_WINDSOR_PLAINSBORO_HS,580,460,,FALSE,271.9267002,NJ,0,1040,,1040,FALSE
756,TRUE,TRUE,25,170,392693,CENTER_HIGH_SCHOOL,560,620,,FALSE,20.47997461,PA,1,1180,,1180,TRUE
757,FALSE,TRUE,107,350,393280,CHELTENHAM_TOWNSHIP_HIG,580,600,,FALSE,254.3012069,PA,0,1180,,1180,TRUE
766,FALSE,FALSE,81,329,311377,CHERRY_HILL_HIGH_SCHOOL,630,530,,FALSE,263.2427379,NJ,0,1160,,1160,FALSE
768,FALSE,FALSE,76,570,390325,LIBERTY_HIGH_SCHOOL,610,530,,FALSE,241.9790833,PA,0,1140,,1140,TRUE
776,FALSE,TRUE,16,427,70590,NORWICH_FREE_ACADEMY,610,540,,FALSE,417.6238822,CT,0,1150,,1150,FALSE
779,TRUE,FALSE,,,393745,NORTH_ALLEGHENY_SR_HIGH,570,600,,FALSE,8.618491185,PA,1,1170,,1170,TRUE
780,FALSE,FALSE,90,214,393145,PALMYRA_AREA_HIGH_SCHOO,620,610,,FALSE,177.6351728,PA,0,1230,,1230,TRUE
781,FALSE,FALSE,220,540,393125,PARKLAND_HIGH_SCHOOL,670,580,,FALSE,229.3729227,PA,0,1250,,1250,TRUE
783,FALSE,FALSE,24,125,394600,NORTHERN_LEHIGH_HIGH_SC,600,580,,FALSE,228.4855279,PA,0,1180,,1180,TRUE
788,TRUE,FALSE,67,349,392708,GATEWAY_SENIOR_HIGH_SCH,540,620,,FALSE,10.1671665,PA,1,1160,,1160,TRUE
790,TRUE,FALSE,,,393745,NORTH_ALLEGHENY_SR_HIGH,540,630,,FALSE,8.618491185,PA,2,1170,,1170,TRUE
800,FALSE,FALSE,91,380,395170,B_REED_HENDERSON_HIGH_S,550,660,,FALSE,229.2470996,PA,1,1210,,1210,TRUE
802,FALSE,TRUE,,,181511,HOLY_CROSS_HIGH_SCHOOL,580,660,27,TRUE,349.3740571,KY,0,1240,1220,1240,FALSE
812,FALSE,TRUE,16,453,393763,PENN_HILLS_SENIOR_HIGH,580,610,,FALSE,7.162133539,PA,0,1190,,1190,TRUE
813,TRUE,FALSE,114,541,490985,PARKERSBURG_HIGH_SCHOOL,440,390,23,FALSE,12.5667003,PA,0,830,1070,1070,TRUE
820,FALSE,TRUE,,,200278,FALMOUTH_HIGH_SCHOOL,700,700,,TRUE,546.636869,ME,0,1400,,1400,FALSE
821,FALSE,FALSE,25,315,393650,CARRICK_HIGH_SCHOOL,520,540,,FALSE,2.989392911,PA,0,1060,,1060,TRUE
822,TRUE,FALSE,60,313,392865,MANHEIM_TOWNSHIP_HIGH_S,580,550,,FALSE,193.7816274,PA,0,1130,,1130,TRUE
826,FALSE,FALSE,10,209,310868,CLEARVIEW_REGIONAL_HIGH,550,550,,FALSE,256.1033011,NJ,0,1100,,1100,FALSE
829,FALSE,FALSE,,,471393,LANGLEY_HIGH_SCHOOL,600,460,,FALSE,178.9432655,VA,0,1060,,1060,FALSE
832,FALSE,FALSE,1,413,393659,WOODLAND_HILLS_HIGH_SCH,580,460,20,FALSE,6.812531884,PA,0,1040,950,1040,TRUE
833,FALSE,FALSE,,,491410,LINSLY_SCHOOL_THE,590,610,,FALSE,46.32747379,WV,0,1200,,1200,FALSE
837,FALSE,FALSE,105,260,392550,MECHANICSBURG_AREA_SR_H,590,630,,FALSE,156.8703515,PA,0,1220,,1220,TRUE
840,FALSE,FALSE,,,211083,OUR_LADY_OF_GOOD_COUNSE,500,570,,FALSE,164.084875,MD,0,1070,,1070,FALSE
844,FALSE,FALSE,126,906,392985,COUNCIL_ROCK_HIGH_SCHOO,590,550,,FALSE,262.9794712,PA,1,1140,,1140,TRUE
845,FALSE,FALSE,99,252,395417,PITTSTON_AREA_SR_HIGH_S,580,580,,FALSE,226.0736132,PA,0,1160,,1160,TRUE
846,FALSE,FALSE,30,110,392745,SOUTH_FAYETTE_TWP_JR_SR,540,630,,FALSE,10.7885717,PA,1,1170,,1170,TRUE
847,FALSE,FALSE,116,436,70750,STAMFORD_HIGH_SCHOOL,580,530,,FALSE,337.764655,CT,0,1110,,1110,FALSE
854,FALSE,FALSE,91,188,391765,HERSHEY_HIGH_SCHOOL,500,600,,FALSE,171.4096539,PA,0,1100,,1100,TRUE
858,TRUE,TRUE,,,393745,NORTH_ALLEGHENY_SR_HIGH,650,660,,FALSE,8.756275362,PA,1,1310,,1310,TRUE
863,FALSE,FALSE,,,393745,NORTH_ALLEGHENY_SR_HIGH,610,520,,FALSE,13.01094933,PA,0,1130,,1130,TRUE
865,FALSE,TRUE,,,334070,STUYVESANT_HIGH_SCHOOL,700,650,,TRUE,319.7348894,NY,0,1350,,1350,FALSE
868,TRUE,FALSE,71,108,310740,MADISON_HIGH_SCHOOL,590,570,,FALSE,292.3074997,NJ,0,1160,,1160,FALSE
877,TRUE,FALSE,41,456,391550,SHALER_AREA_HIGH_SCHOOL,510,470,20,FALSE,3.545730259,PA,1,980,950,980,TRUE
883,FALSE,FALSE,61,350,392708,GATEWAY_SENIOR_HIGH_SCH,540,500,25,FALSE,10.1671665,PA,0,1040,1150,1150,TRUE
887,TRUE,FALSE,10,101,394403,BISHOP_HANNAN_HIGH_SCHO,570,530,,FALSE,232.2390291,PA,0,1100,,1100,TRUE
888,TRUE,FALSE,,,393480,SAINT_JOSEPHS_PREPARATO,540,620,,FALSE,248.0733471,PA,0,1160,,1160,TRUE
889,FALSE,FALSE,145,426,390390,BOYERTOWN_AREA_SR_HIGH,530,630,,FALSE,228.0027882,PA,0,1160,,1160,TRUE
892,FALSE,TRUE,16,212,364235,POLAND_SEMINARY_HIGH_SC,570,530,24,TRUE,52.80694581,OH,0,1100,1110,1110,FALSE
896,FALSE,FALSE,63,237,390965,BLACKHAWK_HIGH_SCHOOL,530,550,,FALSE,30.12339133,PA,0,1080,,1080,TRUE
897,TRUE,FALSE,15,101,391230,BENTWORTH_SENIOR_HIGH_S,560,510,,FALSE,18.66489826,PA,0,1070,,1070,TRUE
902,FALSE,FALSE,18,121,393103,MID_VALLEY_JR_SR_HIGH_S,460,520,,FALSE,236.8959745,PA,0,980,,980,TRUE
904,TRUE,FALSE,255,487,393275,CENTRAL_HIGH_SCHOOL,520,490,,FALSE,248.0733471,PA,0,1010,,1010,TRUE
907,FALSE,FALSE,296,407,50003,AGOURA_HIGH_SCHOOL,600,630,,FALSE,2165.439578,CA,0,1230,,1230,FALSE
908,FALSE,TRUE,38,160,392895,NEW_BRIGHTON_AREA_SR_HI,570,530,,FALSE,27.24539594,PA,0,1100,,1100,TRUE
916,FALSE,FALSE,17,146,365715,LIBERTY_HIGH_SCHOOL,550,550,19,FALSE,62.92253696,OH,0,1100,910,1100,FALSE
917,FALSE,FALSE,,,311360,SCOTCH_PLAINS_FANWOOD_H,530,510,,FALSE,293.2009194,NJ,0,1040,,1040,FALSE
921,TRUE,FALSE,81,385,392270,BETHEL_PARK_SR_HIGH_SCH,660,610,,FALSE,9.607664132,PA,0,1270,,1270,TRUE
923,TRUE,FALSE,,,332172,GREAT_NECK_SOUTH_HIGH_S,480,590,,FALSE,328.1694732,NY,0,1070,,1070,FALSE
928,FALSE,FALSE,,,210564,QUINCE_ORCHARD_HIGH_SCH,540,580,,FALSE,171.2070719,MD,0,1120,,1120,FALSE
930,FALSE,FALSE,109,190,310260,CRANFORD_HIGH_SCHOOL,470,490,,FALSE,297.2025726,NJ,1,960,,960,FALSE
931,FALSE,FALSE,8,237,393765,PERRY_TRADITIONAL_ACADE,530,470,,FALSE,3.545730259,PA,0,1000,,1000,TRUE
934,FALSE,TRUE,,,221555,NEWTON_NORTH_HIGH_SCHOO,660,640,,TRUE,478.9128498,MA,0,1300,,1300,FALSE
935,FALSE,FALSE,64,233,393655,CENTRAL_CATHOLIC_HIGH_S,520,580,,FALSE,13.01094933,PA,0,1100,,1100,TRUE
936,TRUE,FALSE,70,252,393895,SCHENLEY_HIGH_SCH_TEACH,480,550,,FALSE,2.133926938,PA,0,1030,,1030,TRUE
938,FALSE,FALSE,51,287,231300,EAST_LANSING_HIGH_SCHOO,,,25,FALSE,282.650308,MI,0,,1150,1150,FALSE
940,TRUE,FALSE,22,184,392958,BURRELL_HIGH_SCHOOL,530,490,,FALSE,14.25052443,PA,1,1020,,1020,TRUE
942,FALSE,FALSE,,,395015,STRATH_HAVEN_HIGH_SCHOO,540,480,,FALSE,245.2298145,PA,0,1020,,1020,TRUE
944,FALSE,FALSE,,,470353,LAKE_BRADDOCK_SECONDARY,610,570,,FALSE,182.6737626,VA,0,1180,,1180,FALSE
948,FALSE,FALSE,4,145,394875,TROY_SENIOR_HIGH_SCHOOL,580,530,,FALSE,189.8307758,PA,0,1110,,1110,TRUE
949,TRUE,FALSE,76,172,390200,BEAVER_AREA_HIGH_SCHOOL,510,490,,FALSE,26.65426463,PA,0,1000,,1000,TRUE
950,TRUE,TRUE,,,392575,MERION_MERCY_ACADEMY,540,630,,FALSE,251.6268743,PA,0,1170,,1170,TRUE
951,TRUE,TRUE,46,275,334810,IRONDEQUOIT_HIGH_SCHOOL,620,630,,FALSE,227.1708245,NY,0,1250,,1250,FALSE
953,FALSE,FALSE,165,446,393763,PENN_HILLS_SENIOR_HIGH,610,560,,FALSE,6.812531884,PA,1,1170,,1170,TRUE
956,TRUE,FALSE,94,281,390065,WISSAHICKON_HIGH_SCHOOL,600,470,,FALSE,247.3633144,PA,0,1070,,1070,TRUE
964,FALSE,FALSE,57,309,361325,MAYFIELD_HIGH_SCHOOL,,,19,FALSE,108.3095366,OH,1,,910,910,FALSE
965,FALSE,FALSE,97,309,361325,MAYFIELD_HIGH_SCHOOL,,,20,FALSE,108.3095366,OH,1,,950,950,FALSE
967,TRUE,TRUE,90,374,391645,CENTRAL_DAUPHIN_HIGH_SC,580,460,,FALSE,167.0392271,PA,0,1040,,1040,TRUE
971,FALSE,TRUE,,,470549,CENTREVILLE_HIGH_SCHOOL,660,600,,TRUE,187.8269685,DC,0,1260,,1260,FALSE
973,TRUE,FALSE,103,456,391550,SHALER_AREA_HIGH_SCHOOL,550,530,,FALSE,3.838762958,PA,0,1080,,1080,TRUE
976,FALSE,FALSE,43,256,391855,LOWER_DAUPHIN_HIGH_SCHO,620,630,,FALSE,171.4096539,PA,0,1250,,1250,TRUE
977,FALSE,FALSE,31,299,391695,HATBORO_HORSHAM_SR_HIGH,610,630,,FALSE,254.1295099,PA,0,1240,,1240,TRUE
978,FALSE,FALSE,74,390,330055,COLONIE_CENTRAL_HIGH_SC,580,520,,FALSE,353.7101901,NY,0,1100,,1100,FALSE
979,TRUE,TRUE,135,410,392110,MCCASKEY_HIGH_SCHOOL,600,480,,FALSE,193.4086164,PA,0,1080,,1080,TRUE
985,TRUE,FALSE,164,385,392270,BETHEL_PARK_SR_HIGH_SCH,570,640,,FALSE,9.607664132,PA,0,1210,,1210,TRUE
988,FALSE,FALSE,46,208,393655,CENTRAL_CATHOLIC_HIGH_S,520,610,,FALSE,1.338745178,PA,1,1130,,1130,TRUE
989,TRUE,FALSE,44,125,394600,NORTHERN_LEHIGH_HIGH_SC,470,540,,FALSE,228.4855279,PA,0,1010,,1010,TRUE
990,FALSE,FALSE,,,390295,CONESTOGA_HIGH_SCHOOL,510,480,,FALSE,240.8215208,PA,0,990,,990,TRUE
995,TRUE,FALSE,196,289,310272,RANDOLPH_HIGH_SCHOOL,610,550,,FALSE,283.7851013,NJ,1,1160,,1160,FALSE
999,FALSE,FALSE,98,276,390527,CEDAR_CLIFF_HIGH_SCHOOL,550,550,,FALSE,156.8703515,PA,0,1100,,1100,TRUE
1002,TRUE,TRUE,,,391920,JENKINTOWN_JR_SR_HIGH_S,660,590,,FALSE,256.356039,PA,0,1250,,1250,TRUE
1009,FALSE,FALSE,64,265,470801,PAUL_VI_HIGH_SCHOOL,600,630,,FALSE,187.8269685,DC,0,1230,,1230,FALSE
1012,TRUE,FALSE,22,158,331670,DUNKIRK_HIGH_SCHOOL,500,600,,FALSE,144.253193,NY,0,1100,,1100,FALSE
1013,TRUE,FALSE,10,55,393740,CORNELL_HIGH_SCHOOL,510,600,,FALSE,13.27965852,PA,3,1110,,1110,TRUE
1014,FALSE,FALSE,26,175,391260,EAST_PENNSBORO_AREA_HIG,560,460,,FALSE,159.0335888,PA,0,1020,,1020,TRUE
1015,FALSE,FALSE,62,309,390930,DALLASTOWN_AREA_HIGH_SC,530,560,,FALSE,174.6301281,PA,0,1090,,1090,TRUE
1017,FALSE,FALSE,68,290,390065,WISSAHICKON_HIGH_SCHOOL,600,550,,FALSE,247.3633144,PA,0,1150,,1150,TRUE
1018,FALSE,FALSE,99,200,391512,PINE_RICHLAND_HIGH_SCHO,610,480,,FALSE,12.5667003,PA,0,1090,,1090,TRUE
1020,FALSE,TRUE,,,153265,SAINT_JOSEPHS_HIGH_SCHO,510,530,23,FALSE,334.707484,IN,0,1040,1070,1070,FALSE
1027,TRUE,FALSE,76,268,311079,PARSIPPANY_HILLS_HIGH_S,690,650,,FALSE,288.6270757,NJ,0,1340,,1340,FALSE
1030,TRUE,FALSE,146,281,390065,WISSAHICKON_HIGH_SCHOOL,510,530,,FALSE,247.3633144,PA,0,1040,,1040,TRUE
1031,TRUE,FALSE,25,221,390230,BELLE_VERNON_AREA_HIGH,620,540,,FALSE,21.69652373,PA,0,1160,,1160,TRUE
1032,FALSE,FALSE,82,247,391200,ELIZABETHTOWN_AREA_HIGH,640,550,,FALSE,177.9387542,PA,0,1190,,1190,TRUE
1033,FALSE,FALSE,52,268,392765,NORTH_POCONO_HIGH_SCHOO,650,530,,FALSE,239.36715,PA,0,1180,,1180,TRUE
1036,TRUE,FALSE,183,425,310753,BRIDGEWATER_RARITAN_REG,610,550,,FALSE,280.2953494,NJ,0,1160,,1160,FALSE
1046,FALSE,FALSE,28,200,391545,SUSQUEHANNOCK_HIGH_SCHO,690,460,,FALSE,175.7042743,PA,0,1150,,1150,TRUE
1052,TRUE,FALSE,42,182,393083,OIL_CITY_AREA_SR_HIGH_S,550,430,21,FALSE,69.72124522,PA,0,980,990,990,TRUE
1053,FALSE,FALSE,99,390,331880,FARMINGDALE_HIGH_SCHOOL,520,490,,FALSE,341.0864192,NY,0,1010,,1010,FALSE
1056,FALSE,TRUE,34,380,220575,CHELMSFORD_HIGH_SCHOOL,630,650,,TRUE,469.1626169,MA,0,1280,,1280,FALSE
1063,FALSE,FALSE,20,89,471815,RADFORD_HIGH_SCHOOL,570,660,,FALSE,231.2167879,VA,0,1230,,1230,FALSE
1064,FALSE,TRUE,,,394080,HILL_SCHOOL_THE,550,660,,FALSE,229.8831852,PA,0,1210,,1210,TRUE
1068,FALSE,FALSE,,,394080,HILL_SCHOOL_THE,590,480,19,FALSE,226.3381358,PA,1,1070,910,1070,TRUE
1071,TRUE,TRUE,9,99,395308,LOYALSOCK_TOWNSHIP_SR_H,660,600,,TRUE,169.4684877,PA,0,1260,,1260,TRUE
1072,TRUE,FALSE,20,254,394950,LAUREL_HIGHLANDS_SR_HIG,580,500,,FALSE,40.14199902,PA,0,1080,,1080,TRUE
1074,TRUE,FALSE,,,470785,FAIRFAX_HIGH_SCHOOL,520,470,,FALSE,178.4317736,VA,0,990,,990,FALSE
1076,FALSE,FALSE,57,413,393659,WOODLAND_HILLS_HIGH_SCH,590,530,,FALSE,4.44738134,PA,0,1120,,1120,TRUE
1078,TRUE,FALSE,15,95,390515,CALIFORNIA_AREA_SR_HIGH,600,490,,FALSE,26.5513521,PA,0,1090,,1090,TRUE
1079,TRUE,FALSE,34,113,310667,KINNELON_HIGH_SCHOOL,670,580,,FALSE,295.4766898,NJ,0,1250,,1250,FALSE
1082,FALSE,FALSE,153,371,393280,CHELTENHAM_TOWNSHIP_HIG,610,600,,FALSE,254.3012069,PA,0,1210,,1210,TRUE
1085,FALSE,FALSE,22,208,393655,CENTRAL_CATHOLIC_HIGH_S,610,590,,FALSE,2.540615156,PA,0,1200,,1200,TRUE
1086,TRUE,FALSE,42,469,390603,CHAMBERSBURG_AREA_SR_HI,580,600,,FALSE,126.4177984,PA,0,1180,,1180,TRUE
1087,TRUE,FALSE,307,906,392985,COUNCIL_ROCK_HIGH_SCHOO,680,520,,FALSE,261.540521,PA,0,1200,,1200,TRUE
1090,FALSE,FALSE,96,682,300430,NASHUA_HIGH_SCHOOL,500,570,,FALSE,465.0720375,NH,1,1070,,1070,FALSE
1092,FALSE,FALSE,,,334260,LA_SALLE_CENTER,520,490,,FALSE,357.7436073,NY,0,1010,,1010,FALSE
1096,FALSE,FALSE,,,311019,NORTH_BRUNSWICK_TWP_HIG,600,490,,FALSE,287.9984385,NJ,0,1090,,1090,FALSE
1098,FALSE,FALSE,57,390,391895,NORWIN_SENIOR_HIGH_SCHO,520,430,,FALSE,14.89142491,PA,0,950,,950,TRUE
1100,FALSE,FALSE,,,340663,CHARLOTTE_LATIN_SCHOOL,660,620,,FALSE,369.8473261,NC,1,1280,,1280,FALSE
1106,TRUE,FALSE,6,179,100745,BOLLES_SCHOOL_THE,540,610,21,FALSE,235.0382273,PA,0,1150,990,1150,TRUE
1109,FALSE,FALSE,73,594,394756,POCONO_MOUNTAIN_HIGH_SC,570,480,,FALSE,249.5444291,PA,1,1050,,1050,TRUE
1112,FALSE,FALSE,61,92,393356,J_R_MASTERMAN_LAB_&_DEM,560,560,,FALSE,258.5582854,PA,0,1120,,1120,TRUE
1124,FALSE,FALSE,113,321,393000,MARPLE_NEWTOWN_HIGH_SCH,560,610,,FALSE,243.0447439,PA,0,1170,,1170,TRUE
1127,FALSE,TRUE,76,665,331378,CICERO_NO_SYRACUSE_HIGH,640,640,,TRUE,274.082158,NY,1,1280,,1280,FALSE
1137,FALSE,FALSE,134,296,390105,LOWER_MERION_HIGH_SCHOO,580,560,,FALSE,248.9628406,PA,0,1140,,1140,TRUE
1139,FALSE,TRUE,7,627,50888,ETIWANDA_HIGH_SCHOOL,800,690,,TRUE,2096.753849,CA,0,1490,,1490,FALSE
1143,FALSE,TRUE,94,449,143215,GLENBROOK_NORTH_HIGH_SC,800,730,,TRUE,426.2073786,IL,0,1530,,1530,FALSE
1144,FALSE,FALSE,,,393321,GERMANTOWN_ACADEMY,560,560,,FALSE,251.1207056,PA,0,1120,,1120,TRUE
1149,FALSE,FALSE,11,595,391718,HAZLETON_AREA_HIGH_SCHO,480,500,22,FALSE,211.5491355,PA,0,980,1030,1030,TRUE
1153,FALSE,FALSE,180,371,393280,CHELTENHAM_TOWNSHIP_HIG,480,480,,FALSE,257.3593074,PA,1,960,,960,TRUE
1157,TRUE,FALSE,,,210275,BLADENSBURG_HIGH_SCHOOL,580,460,,FALSE,193.0452832,MD,0,1040,,1040,FALSE
1161,FALSE,FALSE,71,257,222075,STOUGHTON_HIGH_SCHOOL,560,540,,FALSE,474.0894784,MA,0,1100,,1100,FALSE
1167,FALSE,TRUE,26,148,335712,VALLEY_STREAM_SOUTH_HIG,660,640,,TRUE,328.4198886,NY,0,1300,,1300,FALSE
1170,FALSE,TRUE,,,311260,HUN_SCHOOL_OF_PRINCETON,740,580,,TRUE,264.5120607,PA,0,1320,,1320,TRUE
1172,FALSE,FALSE,59,137,210532,BISHOP_MCNAMARA_HIGH_SC,610,580,,FALSE,200.2378501,MD,0,1190,,1190,FALSE
1178,FALSE,TRUE,16,184,393550,WEST_PHILADELPHIA_CATHO,430,590,,FALSE,251.6268743,PA,1,1020,,1020,TRUE
1184,FALSE,FALSE,38,136,394567,TRINITY_HIGH_SCHOOL,580,560,,FALSE,160.1275284,PA,0,1140,,1140,TRUE
1187,FALSE,FALSE,203,562,331870,FAIRPORT_HIGH_SCHOOL,640,530,24,FALSE,224.4032914,NY,0,1170,1110,1170,FALSE
1191,FALSE,FALSE,16,245,390042,HOPEWELL_SENIOR_HIGH_SC,650,540,,FALSE,20.47997461,PA,1,1190,,1190,TRUE
1198,TRUE,TRUE,27,108,395325,SOUTH_WILLIAMSPORT_JR_S,680,690,,FALSE,163.2580343,PA,0,1370,,1370,TRUE
1205,TRUE,FALSE,40,204,393075,WEST_ALLEGHENY_SR_HIGH,620,710,,FALSE,20.9643561,PA,0,1330,,1330,TRUE
1216,TRUE,TRUE,65,340,361350,SAINT_IGNATIUS_HIGH_SCH,640,560,30,FALSE,123.7980021,OH,0,1200,1340,1340,FALSE
1227,TRUE,FALSE,122,490,390740,COATESVILLE_AREA_SR_HIG,590,570,24,FALSE,220.3886802,PA,0,1160,1110,1160,TRUE
1237,TRUE,FALSE,232,433,393730,MOUNT_LEBANON_HIGH_SCHO,570,560,,FALSE,6.850591549,PA,2,1130,,1130,TRUE
1238,FALSE,FALSE,165,375,334325,ORCHARD_PARK_HIGH_SCHOO,640,600,,FALSE,172.1155294,NY,0,1240,,1240,FALSE
1240,FALSE,FALSE,,,220600,BRIMMER_&_MAY_SCHOOL_TH,570,550,,FALSE,473.6984709,MA,0,1120,,1120,FALSE
1241,FALSE,TRUE,,,470353,LAKE_BRADDOCK_SECONDARY,490,460,,FALSE,182.6737626,VA,0,950,,950,FALSE
1245,FALSE,FALSE,,,470801,PAUL_VI_HIGH_SCHOOL,560,570,,FALSE,187.8269685,DC,0,1130,,1130,FALSE
1246,FALSE,TRUE,14,92,90017,BENJAMIN_BANNEKER_HIGH,610,610,,FALSE,187.645686,DC,0,1220,,1220,FALSE
1249,FALSE,FALSE,91,321,393000,MARPLE_NEWTOWN_HIGH_SCH,640,590,,FALSE,244.8211431,PA,0,1230,,1230,TRUE
1254,FALSE,FALSE,,,210271,WALT_WHITMAN_HIGH_SCHOO,670,520,,FALSE,180.1423925,MD,0,1190,,1190,FALSE
1257,FALSE,FALSE,,,210512,MOUNT_HEBRON_HIGH_SCHOO,560,530,,FALSE,183.1107286,MD,1,1090,,1090,FALSE
1260,FALSE,FALSE,156,386,395164,EAST_SENIOR_HIGH_SCHOOL,520,480,,FALSE,232.3633823,PA,0,1000,,1000,TRUE
1264,FALSE,FALSE,56,226,394085,OWEN_J_ROBERTS_HIGH_SCH,580,640,,FALSE,227.8990996,PA,0,1220,,1220,TRUE
1270,TRUE,FALSE,17,193,391755,YOUGH_SENIOR_HIGH_SCHOO,590,550,,FALSE,19.34413568,PA,1,1140,,1140,TRUE
1272,FALSE,FALSE,,,390105,LOWER_MERION_HIGH_SCHOO,610,720,,FALSE,248.9628406,PA,0,1330,,1330,TRUE
1275,FALSE,TRUE,5,328,332535,ITHACA_HIGH_SCHOOL,590,520,,FALSE,226.774277,NY,0,1110,,1110,FALSE
1277,FALSE,FALSE,166,311,393707,UPPER_SAINT_CLAIR_HIGH,640,550,24,FALSE,10.13672876,PA,0,1190,1110,1190,TRUE
1280,FALSE,TRUE,,,393745,NORTH_ALLEGHENY_SR_HIGH,690,670,27,TRUE,13.26307842,PA,1,1360,1220,1360,TRUE
1282,FALSE,TRUE,20,302,361210,CHARLES_F_BRUSH_HIGH_SC,600,600,25,TRUE,111.3750857,OH,0,1200,1150,1200,FALSE
1283,TRUE,FALSE,,,390335,MORAVIAN_ACADEMY,570,620,,FALSE,241.9790833,PA,0,1190,,1190,TRUE
1287,FALSE,FALSE,107,212,311367,IMMACULATA_HIGH_SCHOOL,630,640,,FALSE,269.730898,NJ,0,1270,,1270,FALSE
1291,FALSE,FALSE,168,296,390105,LOWER_MERION_HIGH_SCHOO,570,560,,FALSE,248.9628406,PA,0,1130,,1130,TRUE
1292,FALSE,FALSE,122,334,311415,ROXBURY_HIGH_SCHOOL,600,550,,FALSE,279.5926522,NJ,0,1150,,1150,FALSE
1305,TRUE,FALSE,151,277,392835,FRANKLIN_REGIONAL_SR_HI,570,520,,FALSE,14.22894645,PA,0,1090,,1090,TRUE
1306,FALSE,FALSE,95,456,391550,SHALER_AREA_HIGH_SCHOOL,510,540,,FALSE,4.302758036,PA,0,1050,,1050,TRUE
1310,FALSE,FALSE,,,395015,STRATH_HAVEN_HIGH_SCHOO,470,520,,FALSE,246.3984105,PA,0,990,,990,TRUE
1315,FALSE,FALSE,96,178,390923,DALLAS_SENIOR_HIGH_SCHO,510,570,,FALSE,216.579007,PA,0,1080,,1080,TRUE
1320,FALSE,FALSE,97,397,392270,BETHEL_PARK_SR_HIGH_SCH,630,620,,FALSE,9.607664132,PA,0,1250,,1250,TRUE
1322,FALSE,FALSE,54,142,391365,FAIRVIEW_HIGH_SCHOOL,600,590,,FALSE,111.4579565,PA,0,1190,,1190,TRUE
1324,FALSE,FALSE,35,274,363010,CLOVERLEAF_SENIOR_HIGH,640,580,28,FALSE,120.6953609,OH,0,1220,1260,1260,FALSE
1326,FALSE,FALSE,,,562040,SEOUL_AMERICAN_HIGH_SCH,660,420,,FALSE,1517.367289,NM,0,1080,,1080,FALSE
1327,FALSE,TRUE,12,262,222034,HIGH_SCHOOL_OF_SCIENCE,620,550,24,TRUE,402.4791449,MA,0,1170,1110,1170,FALSE
1338,TRUE,FALSE,153,288,395032,ARCHBISHOP_WOOD_HIGH_SC,520,570,,FALSE,262.9794712,PA,1,1090,,1090,TRUE
1341,FALSE,FALSE,98,453,393763,PENN_HILLS_SENIOR_HIGH,560,460,,FALSE,6.812531884,PA,0,1020,,1020,TRUE
1348,FALSE,FALSE,8,87,391945,JIM_THORPE_SENIOR_HIGH,490,490,,FALSE,223.1033033,PA,0,980,,980,TRUE
1349,FALSE,TRUE,,,393745,NORTH_ALLEGHENY_SR_HIGH,800,700,,TRUE,8.618491185,PA,0,1500,,1500,TRUE
1369,TRUE,TRUE,2,73,390805,CONNEAUT_VALLEY_HIGH_SC,660,740,,TRUE,97.10780172,PA,0,1400,,1400,TRUE
1376,FALSE,FALSE,143,283,310005,NORTH_HUNTERDON_HIGH_SC,630,510,,FALSE,265.3097089,NJ,0,1140,,1140,FALSE
1380,TRUE,FALSE,26,187,391430,FRANKLIN_AREA_SR_HIGH_S,610,620,,FALSE,66.78990026,PA,0,1230,,1230,TRUE
1381,TRUE,FALSE,132,422,391980,WILLIAM_TENNENT_HIGH_SC,520,480,,FALSE,259.185817,PA,0,1000,,1000,TRUE
1384,FALSE,FALSE,28,296,390530,CANON_MCMILLAN_HIGH_SCH,540,490,,FALSE,10.7885717,PA,0,1030,,1030,TRUE
1385,FALSE,FALSE,58,321,100370,SEABREEZE_HIGH_SCHOOL,530,580,,FALSE,774.6332845,FL,0,1110,,1110,FALSE
1390,FALSE,TRUE,25,331,240380,CAMBRIDGE_ISANTI_HIGH_S,,,30,TRUE,760.3393239,MN,0,,1340,1340,FALSE
1391,TRUE,FALSE,,,361833,MIAMI_VALLEY_SCHOOL,660,630,27,TRUE,228.4854419,OH,0,1290,1220,1290,FALSE
1396,TRUE,TRUE,,,211051,LARGO_SENIOR_HIGH_SCHOO,570,650,25,FALSE,196.8204444,MD,0,1220,1150,1220,FALSE
1401,FALSE,TRUE,12,350,330495,BRENTWOOD_HIGH_SCHOOL,560,610,,FALSE,352.5156369,NY,0,1170,,1170,FALSE
1403,TRUE,FALSE,42,247,392550,MECHANICSBURG_AREA_SR_H,690,580,26,FALSE,156.8703515,PA,0,1270,1190,1270,TRUE
1417,TRUE,FALSE,26,104,391823,SOUTH_SIDE_HIGH_SCHOOL,520,520,,FALSE,26.25886163,PA,0,1040,,1040,TRUE
1418,TRUE,FALSE,70,236,394145,EXETER_TOWNSHIP_SR_HIGH,540,590,,FALSE,215.4355511,PA,0,1130,,1130,TRUE
1422,FALSE,FALSE,,,390295,CONESTOGA_HIGH_SCHOOL,550,470,,FALSE,235.1172132,PA,0,1020,,1020,TRUE
1430,TRUE,FALSE,83,147,394290,HARRITON_HIGH_SCH_LOWER,670,480,,FALSE,248.1960955,PA,0,1150,,1150,TRUE
1439,TRUE,FALSE,31,170,392693,CENTER_HIGH_SCHOOL,610,690,,FALSE,23.7326604,PA,0,1300,,1300,TRUE
1441,TRUE,FALSE,70,385,392270,BETHEL_PARK_SR_HIGH_SCH,600,590,,FALSE,9.607664132,PA,2,1190,,1190,TRUE
1455,TRUE,FALSE,48,212,390655,THOMAS_JEFFERSON_HIGH_S,620,570,27,FALSE,6.913734612,PA,0,1190,1220,1220,TRUE
